author;author_type;url;location;deal_type;accommodation_type;floor;floors_count;rooms_count;total_meters;price_per_month;commissions;district;street;house_number;underground
Циан х ПИК-Аренда;real_estate_agent;https://www.cian.ru/rent/flat/312167673/;Москва;rent;flat;3;7;1;32.7;140400;0;Дорогомилово; 1812 года;7;Парк Победы
Циан х ПИК-Аренда;real_estate_agent;https://www.cian.ru/rent/flat/309236956/;Москва;rent;flat;12;25;2;61.3;135000;0;Фили-Давыдково;Давыдковская ;5;Славянский бульвар
Циан х ПИК-Аренда;real_estate_agent;https://www.cian.ru/rent/flat/311297058/;Москва;rent;flat;11;14;2;39.0;47500;0;;шоссе Остафьевское;14к3;Щербинка
ДОМ.РФ Аренда;real_estate_agent;https://www.cian.ru/rent/flat/311437565/;Москва;rent;flat;11;13;2;64.0;158400;0;Филевский парк; Василисы Кожиной;13;Парк Победы
Циан х ПИК-Аренда;real_estate_agent;https://www.cian.ru/rent/flat/312029063/;Москва;rent;flat;20;26;1;50.0;62900;0;Митино;Муравская ;38к1;Пятницкое шоссе
ПИК-Аренда;real_estate_agent;https://www.cian.ru/rent/flat/310719381/;Москва;rent;flat;5;9;1;19.9;42000;0;;проспект Новосередневский;17к1;Филатов Луг
Циан х ПИК-Аренда;real_estate_agent;https://www.cian.ru/rent/flat/312579807/;Москва;rent;flat;10;23;1;45.0;80000;0;Донской;Севастопольский проспект;7/6к1;Крымская
ID 119974420;homeowner;https://www.cian.ru/rent/flat/306041199/;Москва;rent;flat;7;26;2;52.0;98000;0;Чертаново Северное;Балаклавский проспект;15;Чертановская
PROНЕДВИЖИМОСТЬ;real_estate_agent;https://www.cian.ru/rent/flat/312562444/;Москва;rent;flat;13;17;1;35.4;55000;0;; Александры Монаховой;85к3;Потапово
Циан х ПИК-Аренда;real_estate_agent;https://www.cian.ru/rent/flat/310965313/;Москва;rent;flat;2;12;1;36.8;120000;0;Раменки;Винницкая ;8к1;Раменки
ДОМ.РФ Аренда;real_estate_agent;https://www.cian.ru/rent/flat/312355914/;Москва;rent;flat;4;13;2;63.0;146990;0;Филевский парк; Василисы Кожиной;13;Парк Победы
;;https://www.cian.ru/rent/flat/312972561/;Москва;rent;flat;4;5;1;44.5;45000;0;Донской; Орджоникидзе;5К2;Ленинский проспект
Лиедел Инвестментс Лимитед;official_representative;https://www.cian.ru/rent/flat/312588098/;Москва;rent;flat;55;75;2;101.0;430000;0;Пресненский;1-й Красногвардейский проезд;15;Деловой центр
Циан х ПИК-Аренда;real_estate_agent;https://www.cian.ru/rent/flat/311441391/;Москва;rent;flat;4;27;1;27.0;95000;0;Хорошевский; Зорге;9к2;Полежаевская
Циан х ПИК-Аренда;real_estate_agent;https://www.cian.ru/rent/flat/312719498/;Москва;rent;flat;6;22;2;54.6;85000;0;;бульвар Андрея Тарковского;11;Рассказовка
АВИА-АПАРТ;real_estate_agent;https://www.cian.ru/rent/flat/300878014/;Москва;rent;flat;3;13;2;47.0;118900;0;Хорошевский;Ходынский бульвар;2;ЦСКА
АВИА-АПАРТ;real_estate_agent;https://www.cian.ru/rent/flat/300415917/;Москва;rent;flat;9;13;2;47.0;121900;0;Хорошевский;Ходынский бульвар;20А;ЦСКА
ПИК-Аренда;real_estate_agent;https://www.cian.ru/rent/flat/311845214/;Москва;rent;flat;19;20;1;19.6;34800;0;Крюково;проспект Георгиевский;27к2;Зеленоград — Крюково
АВИА-АПАРТ;real_estate_agent;https://www.cian.ru/rent/flat/308537842/;Москва;rent;flat;13;15;2;47.0;118900;0;Хорошевский;Ходынский бульвар;20А;ЦСКА
Циан х ПИК-Аренда;real_estate_agent;https://www.cian.ru/rent/flat/311132770/;Москва;rent;flat;8;24;1;32.3;98000;0;Хорошево-Мневники;Шелепихинская набережная;40к3;Шелепиха
Циан х ПИК-Аренда;real_estate_agent;https://www.cian.ru/rent/flat/312894987/;Москва;rent;flat;11;14;1;17.9;33900;0;;проспект Куприна;30к9;Потапово
Циан х ПИК-Аренда;real_estate_agent;https://www.cian.ru/rent/flat/311054568/;Москва;rent;flat;10;41;1;49.5;140000;0;Хорошево-Мневники;Шелепихинская набережная;34к3;Шелепиха
ДОМ.РФ Аренда;real_estate_agent;https://www.cian.ru/rent/flat/312252864/;Москва;rent;flat;13;23;2;48.0;107500;0;Щукино; Берзарина;30;Октябрьское поле
ID 127143123;homeowner;https://www.cian.ru/rent/flat/312972838/;Москва;rent;flat;12;14;1;36.56;40000;0;; Логинова;7к1;Щербинка
ДОМ.РФ Аренда;real_estate_agent;https://www.cian.ru/rent/flat/312676823/;Москва;rent;flat;10;24;2;41.0;97500;0;Даниловский;Автозаводская ;23Бк2;ЗИЛ
;;https://www.cian.ru/rent/flat/312585522/;Москва;rent;flat;2;6;1;41.7;125000;0;Нагатинский затон;проспект Андропова;9/1к3;Технопарк
ID 89414531;realtor;https://www.cian.ru/rent/flat/295336633/;Москва;rent;flat;28;33;1;46.0;62000;0;Рязанский; Михайлова;30Ак6;Окская
ДОМ.РФ Аренда;real_estate_agent;https://www.cian.ru/rent/flat/312071958/;Москва;rent;flat;2;13;2;49.0;120900;0;Лефортово;шоссе Энтузиастов;3к1;Москва-Товарная
Лиедел Инвестментс Лимитед;official_representative;https://www.cian.ru/rent/flat/312588047/;Москва;rent;flat;51;75;2;61.0;290000;0;Пресненский;1-й Красногвардейский проезд;15;Деловой центр
Ирина Титова;realtor;https://www.cian.ru/rent/flat/312633631/;Москва;rent;flat;30;78;2;65.0;299999;0;Пресненский;1-й Красногвардейский проезд;22с2;Москва-Сити
HYDE Residences;real_estate_agent;https://www.cian.ru/rent/flat/299455857/;Москва;rent;flat;48;85;2;68.0;235000;0;Пресненский;1-й Красногвардейский проезд;21с2;Москва-Сити
EverestCity;real_estate_agent;https://www.cian.ru/rent/flat/309710296/;Москва;rent;flat;42;78;2;67.0;310000;0;Пресненский;1-й Красногвардейский проезд;22с2;Москва-Сити
Циан х ПИК-Аренда;real_estate_agent;https://www.cian.ru/rent/flat/312578273/;Москва;rent;flat;5;15;1;36.0;67900;0;; Василия Ощепкова;1;Новомосковская
ID 13043628;homeowner;https://www.cian.ru/rent/flat/296053926/;Москва;rent;flat;5;5;2;57.5;199000;0;Замоскворечье;Садовническая ;11С10;Новокузнецкая
ИП Боброва Е. И.;real_estate_agent;https://www.cian.ru/rent/flat/313016470/;Москва;rent;flat;12;15;2;75.0;85000;0;Отличная квартира!Прекрасный !2-комн. квартира;75 м²;;
Циан х ПИК-Аренда;real_estate_agent;https://www.cian.ru/rent/flat/312033792/;Москва;rent;flat;8;21;2;56.2;120000;0;Южное Медведково;проезд Дежнева;30К3;Бабушкинская
Ирина Титова;realtor;https://www.cian.ru/rent/flat/312577630/;Москва;rent;flat;26;85;2;63.0;259999;0;Пресненский;1-й Красногвардейский проезд;21с2;Москва-Сити
Циан х ПИК-Аренда;real_estate_agent;https://www.cian.ru/rent/flat/310499257/;Москва;rent;flat;3;9;2;42.8;57000;0;Северное Медведково;Широкая ;19К2;Медведково
Циан х ПИК-Аренда;real_estate_agent;https://www.cian.ru/rent/flat/312830195/;Москва;rent;flat;46;52;1;25.0;64900;0;Свиблово;проезд Серебрякова;11к2;Свиблово
Циан х ПИК-Аренда;real_estate_agent;https://www.cian.ru/rent/flat/311870756/;Москва;rent;flat;11;14;2;46.7;65000;0;Ростокино;Будайский проезд;3;Ростокино
ID 28309722;homeowner;https://www.cian.ru/rent/flat/208028423/;Москва;rent;flat;21;25;2;42.0;70000;0;; Саларьевская;8к1;Саларьево
Циан х ПИК-Аренда;real_estate_agent;https://www.cian.ru/rent/flat/311366334/;Москва;rent;flat;2;5;1;28.0;70000;0;Марфино;Гостиничная ;5;Окружная
Циан х ПИК-Аренда;real_estate_agent;https://www.cian.ru/rent/flat/313091448/;Москва;rent;flat;5;14;1;19.0;44900;0;; Усадебный Парк;7к1;Толстопальцево
Циан х ПИК-Аренда;real_estate_agent;https://www.cian.ru/rent/flat/312774972/;Москва;rent;flat;2;18;1;47.1;50000;0;; Александры Монаховой;98к1;Бунинская аллея
Дарья Козырь;realtor;https://www.cian.ru/rent/flat/313087428/;Москва;rent;flat;6;49;1;53.0;190000;0;Хорошево-Мневники; Генерала Глаголева;14Ак1;Народное Ополчение
ДОМ.РФ Аренда;real_estate_agent;https://www.cian.ru/rent/flat/312981684/;Москва;rent;flat;23;24;2;54.0;115400;0;Щукино; Берзарина;30А;Бульвар Генерала Карбышева
Trust Realty;real_estate_agent;https://www.cian.ru/rent/flat/310900998/;Москва;rent;flat;2;8;2;56.0;200000;0;Пресненский;Мерзляковский переулок;5/1;Арбатская
Славянский Двор Остоженка;real_estate_agent;https://www.cian.ru/rent/flat/312611081/;Москва;rent;flat;11;11;1;75.0;350000;0;Хамовники;Трубецкая ;12;Фрунзенская
Apple Real Estate;real_estate_agent;https://www.cian.ru/rent/flat/310840415/;Москва;rent;flat;2;6;2;56.0;200000;0;Пресненский;Мерзляковский переулок;5/1;Арбатская
Елена Филатова;realtor;https://www.cian.ru/rent/flat/311543020/;Москва;rent;flat;5;36;2;50.0;135000;0;Хорошево-Мневники;Шелепихинская набережная;34к2зд1;Шелепиха
Whitewill Аренда;real_estate_agent;https://www.cian.ru/rent/flat/310831644/;Москва;rent;flat;7;79;2;62.0;280000;0;Пресненский;1-й Красногвардейский проезд;22с2;Москва-Сити
ID 90857299;homeowner;https://www.cian.ru/rent/flat/312975807/;Москва;rent;flat;28;29;1;37.0;130000;0;Тимирязевский;Дмитровский проезд;1;Дмитровская
Whitewill Москва-Сити;real_estate_agent;https://www.cian.ru/rent/flat/308278496/;Москва;rent;flat;45;78;2;58.0;320000;0;Пресненский;1-й Красногвардейский проезд;22с2;Москва-Сити
Циан х ПИК-Аренда;real_estate_agent;https://www.cian.ru/rent/flat/312827774/;Москва;rent;flat;11;12;2;40.0;70000;0;Кузьминки; Федора Полетаева;28;Рязанский проспект
ФЕРРУМ ЭСТЕЙТ;real_estate_agent;https://www.cian.ru/rent/flat/312860572/;Москва;rent;flat;9;12;1;33.5;40000;0;Зябликово;Задонский проезд;16К1;Шипиловская
Циан х ПИК-Аренда;real_estate_agent;https://www.cian.ru/rent/flat/311783717/;Москва;rent;flat;5;12;1;38.6;40000;0;Бирюлево Восточное;Лебедянская ;23;Лебедянская
ID 77238076;homeowner;https://www.cian.ru/rent/flat/313036095/;Москва;rent;flat;2;7;1;45.0;62500;0;;бульвар Андрея Тарковского;6;Рассказовка
МГСН-Проспект Мира;real_estate_agent;https://www.cian.ru/rent/flat/312190320/;Москва;rent;flat;7;9;2;37.0;100000;0;Щукино; Маршала Вершинина;3К2;Октябрьское поле
ПИК-Аренда;real_estate_agent;https://www.cian.ru/rent/flat/312976373/;Москва;rent;flat;9;18;1;39.0;62900;0;; Красулинская;19;Филатов Луг
ID 47207960;realtor;https://www.cian.ru/rent/flat/312705375/;Москва;rent;flat;5;13;2;70.0;200000;0;Пресненский;Большая Садовая ;5к1;Маяковская
EverestCity;real_estate_agent;https://www.cian.ru/rent/flat/306282013/;Москва;rent;flat;84;95;2;74.0;330000;0;Пресненский;набережная Пресненская;12;Деловой центр
Татьяна Серебрякова;realtor;https://www.cian.ru/rent/flat/313013810/;Москва;rent;flat;10;22;2;48.0;77000;0;Нижегородский;Газгольдерная ;10;Нижегородская
EXCLUSIVE CITY;real_estate_agent;https://www.cian.ru/rent/flat/311711895/;Москва;rent;flat;34;73;2;108.5;400000;0;Пресненский;набережная Пресненская;8с1;Деловой центр
HYDE Residences;real_estate_agent;https://www.cian.ru/rent/flat/311676529/;Москва;rent;flat;56;78;2;115.0;310000;0;Пресненский;1-й Красногвардейский проезд;22с2;Москва-Сити
Циан х ПИК-Аренда;real_estate_agent;https://www.cian.ru/rent/flat/312894988/;Москва;rent;flat;10;15;1;20.0;50000;0;Митино;Муравская ;38Бк4;Пятницкое шоссе
ID 61118452;homeowner;https://www.cian.ru/rent/flat/270449379/;Москва;rent;flat;7;24;1;43.0;95000;0;Фили-Давыдково; Герасима Курина;18;Славянский бульвар
Екатерина Берест;realtor;https://www.cian.ru/rent/flat/313028332/;Москва;rent;flat;10;14;2;60.0;100000;0;Тропарево-Никулино;Ленинский проспект;154К2;Юго-Западная
YU HOME;real_estate_agent;https://www.cian.ru/rent/flat/312893897/;Москва;rent;flat;12;33;1;28.0;80000;0;Кунцево; Академика Павлова;56к1;Крылатское
Intermark Real Estate;real_estate_agent;https://www.cian.ru/rent/flat/312307562/;Москва;rent;flat;2;5;2;90.0;360000;0;Пресненский;Малая Бронная ;13;Тверская
Intermark Real Estate;real_estate_agent;https://www.cian.ru/rent/flat/311237835/;Москва;rent;flat;15;79;2;63.0;270000;0;Пресненский;1-й Красногвардейский проезд;22с2;Москва-Сити
ID 91109179;real_estate_agent;https://www.cian.ru/rent/flat/294458860/;Москва;rent;flat;28;78;2;60.0;230000;0;Пресненский;1-й Красногвардейский проезд;22с2;Москва-Сити
Agent 007;real_estate_agent;https://www.cian.ru/rent/flat/312032470/;Москва;rent;flat;4;9;2;37.4;65000;0;Кузьминки; Маршала Чуйкова;7К4;Кузьминки
EMPIRE HOME;real_estate_agent;https://www.cian.ru/rent/flat/313046606/;Москва;rent;flat;2;9;1;35.0;50000;0;Марьина роща;Стрелецкая ;14К1;Марьина Роща
Циан х ПИК-Аренда;real_estate_agent;https://www.cian.ru/rent/flat/312832759/;Москва;rent;flat;9;17;2;51.0;78200;0;Зюзино;Болотниковская ;33К2;Каховская
ID 18390982;unknown;https://www.cian.ru/rent/flat/277218994/;Москва;rent;flat;11;22;1;40.0;100000;0;Тропарево-Никулино;Озерная ;35;Озёрная
ПАРТНЕР;real_estate_agent;https://www.cian.ru/rent/flat/312897721/;Москва;rent;flat;15;17;1;38.0;65000;0;Теплый Стан; Генерала Тюленева;31К1;Тёплый Стан
Whitewill Аренда;real_estate_agent;https://www.cian.ru/rent/flat/312676297/;Москва;rent;flat;2;6;2;56.0;200000;0;Пресненский;Мерзляковский переулок;5/1;Арбатская
Циан х ПИК-Аренда;real_estate_agent;https://www.cian.ru/rent/flat/312164858/;Москва;rent;flat;3;10;1;37.2;70000;0;Северное Бутово;Феодосийская ;7к6;Бульвар Дмитрия Донского
ПАРТНЕР;real_estate_agent;https://www.cian.ru/rent/flat/309241951/;Москва;rent;flat;12;23;2;41.0;58000;0;; Картмазовские Пруды;2к4;Филатов Луг
Лидер-Групп;real_estate_agent;https://www.cian.ru/rent/flat/311294648/;Москва;rent;flat;4;23;1;38.0;70000;0;Черемушки;Нахимовский проспект;31к3;Профсоюзная
Циан х ПИК-Аренда;real_estate_agent;https://www.cian.ru/rent/flat/312585231/;Москва;rent;flat;1;17;2;54.1;67000;0;Чертаново Южное;Варшавское шоссе;152К3;Улица Академика Янгеля
ПАРТНЕР;real_estate_agent;https://www.cian.ru/rent/flat/312714638/;Москва;rent;flat;11;14;1;35.5;40000;0;; Аэростатная;6к4;Санино
Soul Estate;real_estate_agent;https://www.cian.ru/rent/flat/312935632/;Москва;rent;flat;9;78;2;62.1;300000;0;Пресненский;1-й Красногвардейский проезд;22с2;Москва-Сити
Soul Estate;real_estate_agent;https://www.cian.ru/rent/flat/312884237/;Москва;rent;flat;51;69;2;51.0;300000;0;Пресненский;Краснопресненская набережная;14Ак3;Москва-Сити
Life Style;real_estate_agent;https://www.cian.ru/rent/flat/312229772/;Москва;rent;flat;4;22;1;40.0;50000;0;Ново-Переделкино; Скульптора Мухиной;2;Новопеределкино
Ашихмин и партнёры;real_estate_agent;https://www.cian.ru/rent/flat/312472650/;Москва;rent;flat;4;6;2;48.0;340000;0;Хамовники;Зубовская ;7;Парк Культуры
Циан х ПИК-Аренда;real_estate_agent;https://www.cian.ru/rent/flat/310694324/;Москва;rent;flat;5;14;1;45.0;55000;0;Братеево;Алма-Атинская ;8К1;Алма-Атинская
Циан х ПИК-Аренда;real_estate_agent;https://www.cian.ru/rent/flat/311393380/;Москва;rent;flat;4;5;2;42.4;48000;0;Крюково;Зеленоград;к1808;Зеленоград — Крюково
Soul Estate;real_estate_agent;https://www.cian.ru/rent/flat/312989448/;Москва;rent;flat;38;69;2;51.0;300000;0;Пресненский;Краснопресненская набережная;14Ак2;Москва-Сити
Тимур Данилян;realtor;https://www.cian.ru/rent/flat/312203075/;Москва;rent;flat;54;78;2;55.0;270000;0;Пресненский;1-й Красногвардейский проезд;22с2;Москва-Сити
Циан х ПИК-Аренда;real_estate_agent;https://www.cian.ru/rent/flat/312799905/;Москва;rent;flat;4;17;1;36.5;56700;0;Западное Дегунино;Весенняя ;4;Грачёвская
ID 61277972;homeowner;https://www.cian.ru/rent/flat/296443225/;Москва;rent;flat;3;5;2;42.0;65000;0;Зюзино;Херсонская ;7К3;Зюзино
ID 13430040;realtor;https://www.cian.ru/rent/flat/312168201/;Москва;rent;flat;11;15;2;64.2;92000;0;Крылатское;Осенняя ;4К1;Крылатское
ПИК-Аренда;real_estate_agent;https://www.cian.ru/rent/flat/312707018/;Москва;rent;flat;3;15;1;25.1;55000;0;; Малое Понизовье;4;Филатов Луг
Soul Estate;real_estate_agent;https://www.cian.ru/rent/flat/313075585/;Москва;rent;flat;14;14;2;124.0;400000;0;Дорогомилово;набережная Тараса Шевченко;1;Киевская
ID 91109179;real_estate_agent;https://www.cian.ru/rent/flat/307670511/;Москва;rent;flat;50;85;2;92.0;270000;0;Пресненский;1-й Красногвардейский проезд;21с2;Деловой центр
NF Group - ex-Knight Frank;real_estate_agent;https://www.cian.ru/rent/flat/312622823/;Москва;rent;flat;5;7;2;120.5;1000000;0;Хамовники;Пречистенская набережная;17-19;Кропоткинская
Ирина Титова;realtor;https://www.cian.ru/rent/flat/309356196/;Москва;rent;flat;15;78;2;63.0;249990;0;Пресненский;1-й Красногвардейский проезд;22с2;Москва-Сити
Whitewill Аренда;real_estate_agent;https://www.cian.ru/rent/flat/312227472/;Москва;rent;flat;9;40;2;45.0;200000;0;Хорошево-Мневники;Шелепихинская набережная;34к2;Шелепиха
Светлана Биличенко;realtor;https://www.cian.ru/rent/flat/312931063/;Москва;rent;flat;2;9;1;36.0;40000;0;Кузьминки;Зеленодольская ;15К1;Кузьминки
Циан х ПИК-Аренда;real_estate_agent;https://www.cian.ru/rent/flat/313040605/;Москва;rent;flat;6;8;1;32.0;90000;0;Тверской;Новослободская ;49/2;Менделеевская
BARNES International Realty;real_estate_agent;https://www.cian.ru/rent/flat/313040918/;Москва;rent;flat;7;21;1;43.5;130000;0;Пресненский; Сергея Макеева;9к3;Улица 1905 года
ПИК-Аренда;real_estate_agent;https://www.cian.ru/rent/flat/311424496/;Москва;rent;flat;12;33;1;33.8;56000;0;Митино;Муравская ;38Бк3;Пятницкое шоссе
V I B E;real_estate_agent;https://www.cian.ru/rent/flat/313054402/;Москва;rent;flat;11;18;2;62.0;190000;0;Беговой;Ленинградский проспект;29к1;Динамо
YU HOME;real_estate_agent;https://www.cian.ru/rent/flat/313040471/;Москва;rent;flat;4;12;2;50.0;85000;0;Таганский;Большая Калитниковская ;42А;Калитники
HYDE Residences;real_estate_agent;https://www.cian.ru/rent/flat/305740348/;Москва;rent;flat;29;75;2;112.0;255000;0;Пресненский;набережная Пресненская;8с1;Деловой центр
Intermark Real Estate;real_estate_agent;https://www.cian.ru/rent/flat/311107454/;Москва;rent;flat;7;7;2;98.0;230000;0;Тверской;Тверская ;28к1;Маяковская
Intermark Real Estate;real_estate_agent;https://www.cian.ru/rent/flat/309809058/;Москва;rent;flat;6;25;2;65.0;140000;0;Фили-Давыдково;Давыдковская ;16;Славянский бульвар
Циан х ПИК-Аренда;real_estate_agent;https://www.cian.ru/rent/flat/312514971/;Москва;rent;flat;16;22;1;41.0;55600;0;; Картмазовские Пруды;2к4;Филатов Луг
Whitewill Аренда;real_estate_agent;https://www.cian.ru/rent/flat/311192379/;Москва;rent;flat;9;50;2;70.0;450000;0;Пресненский;Краснопресненская набережная;14Ак1;Москва-Сити
Intermark Real Estate;real_estate_agent;https://www.cian.ru/rent/flat/310272401/;Москва;rent;flat;5;8;2;96.0;320000;0;Арбат;Гоголевский бульвар;29;Арбатская
Александр Чайковский;realtor;https://www.cian.ru/rent/flat/312849752/;Москва;rent;flat;4;7;2;65.5;70000;0;Коптево; Зои и Александра Космодемьянских;35/1;Красный Балтиец
Циан х ПИК-Аренда;real_estate_agent;https://www.cian.ru/rent/flat/312431139/;Москва;rent;flat;15;17;2;55.0;70000;0;Гольяново;Алтайская ;21;Гольяново
ПАРТНЕР;real_estate_agent;https://www.cian.ru/rent/flat/312236273/;Москва;rent;flat;16;25;2;60.0;85000;0;Зюзино;Симферопольский бульвар;30к3;Чертановская
ПИК-Аренда;real_estate_agent;https://www.cian.ru/rent/flat/310666790/;Москва;rent;flat;13;17;1;31.7;58900;0;; Александры Монаховой;87к2;Потапово
Циан х ПИК-Аренда;real_estate_agent;https://www.cian.ru/rent/flat/310379645/;Москва;rent;flat;2;5;2;45.1;73000;0;Богородское;Бойцовая ;11;Бульвар Рокоссовского
ЦАН;real_estate_agent;https://www.cian.ru/rent/flat/312683596/;Москва;rent;flat;15;21;2;60.0;220000;0;Пресненский;2-я Черногрязская ;6к4;Улица 1905 года
ПИК-Аренда;real_estate_agent;https://www.cian.ru/rent/flat/312804647/;Москва;rent;flat;8;17;1;34.0;70000;0;Метрогородок;Тагильская ;3к4;Бульвар Рокоссовского
Whitewill Аренда;real_estate_agent;https://www.cian.ru/rent/flat/293041539/;Москва;rent;flat;7;16;2;200.0;450000;0;Арбат; Новый Арбат;27;Смоленская
Whitewill Аренда;real_estate_agent;https://www.cian.ru/rent/flat/305683693/;Москва;rent;flat;8;9;2;65.0;450000;0;Тверской;1-я Тверская-Ямская ;2;Маяковская
Циан х ПИК-Аренда;real_estate_agent;https://www.cian.ru/rent/flat/312517247/;Москва;rent;flat;1;12;2;44.5;50000;0;;проспект Куприна;36к1;Ольховая
Whitewill Аренда;real_estate_agent;https://www.cian.ru/rent/flat/309049517/;Москва;rent;flat;3;10;1;50.0;250000;0;Басманный;Чистопрудный бульвар;12К4;Чистые пруды
SKOLKOVO НЕДВИЖИМОСТЬ;real_estate_agent;https://www.cian.ru/rent/flat/312727928/;Москва;rent;flat;55;78;2;54.0;280000;0;Пресненский;1-й Красногвардейский проезд;22с2;Москва-Сити
Apple Real Estate;real_estate_agent;https://www.cian.ru/rent/flat/311589848/;Москва;rent;flat;15;21;2;60.0;220000;0;Пресненский;2-я Черногрязская ;6к4;Улица 1905 года
ZIP Realty;real_estate_agent;https://www.cian.ru/rent/flat/309912650/;Москва;rent;flat;4;7;2;51.0;120000;0;Дорогомилово;Кутузовский проспект;24;Москва-Сити
ПИК-Аренда;real_estate_agent;https://www.cian.ru/rent/flat/310989797/;Москва;rent;flat;4;32;2;38.5;95000;0;Головинский;Кронштадтский бульвар;9к4;Водный стадион
ID 91109179;real_estate_agent;https://www.cian.ru/rent/flat/307706586/;Москва;rent;flat;60;78;2;96.0;410000;0;Пресненский;1-й Красногвардейский проезд;22с2;Москва-Сити
ДОМ.РФ Аренда;real_estate_agent;https://www.cian.ru/rent/flat/312823932/;Москва;rent;flat;12;23;2;45.0;97600;0;Щукино; Берзарина;30;Октябрьское поле
Циан х ПИК-Аренда;real_estate_agent;https://www.cian.ru/rent/flat/312307328/;Москва;rent;flat;4;7;2;63.9;106350;0;Сокольники;Малая Остроумовская ;1А;Сокольники
ID 91109179;real_estate_agent;https://www.cian.ru/rent/flat/309491497/;Москва;rent;flat;47;85;2;62.0;250000;0;Пресненский;1-й Красногвардейский проезд;21с2;Москва-Сити
ID 31514962;homeowner;https://www.cian.ru/rent/flat/312805305/;Москва;rent;flat;33;33;2;53.0;95000;0;Очаково-Матвеевское;Очаковское шоссе;5к3;Аминьевская
AGORA;real_estate_agent;https://www.cian.ru/rent/flat/312918617/;Москва;rent;flat;2;10;1;42.0;90000;0;Басманный;Нижняя Красносельская ;35С50;Бауманская
Циан х ПИК-Аренда;real_estate_agent;https://www.cian.ru/rent/flat/310966562/;Москва;rent;flat;2;5;1;31.0;50000;0;Перово;Мастеровая ;4;Перово
ID 54010673;unknown;https://www.cian.ru/rent/flat/312799548/;Москва;rent;flat;3;30;2;40.0;85000;0;Южнопортовый;Волгоградский проспект;32/3к5;Угрешская
ПИК-Аренда;real_estate_agent;https://www.cian.ru/rent/flat/310695591/;Москва;rent;flat;5;33;1;19.8;65000;0;Нагатино-Садовники;2-й Нагатинский проезд;2/2к1;Коломенская
CROCUS ESTATE;real_estate_agent;https://www.cian.ru/rent/flat/311625219/;Москва;rent;flat;3;51;2;53.0;140000;0;Пресненский;Шмитовский проезд;39к1;Шелепиха
ID 47162859;homeowner;https://www.cian.ru/rent/flat/280983384/;Москва;rent;flat;12;14;2;44.0;120000;0;Филевский парк;Большая Филевская ;3к1;Фили
EMPIRE HOME;real_estate_agent;https://www.cian.ru/rent/flat/312974733/;Москва;rent;flat;7;9;2;48.0;55000;0;Коньково; Островитянова;31;Коньково
Ирина Василевская;realtor;https://www.cian.ru/rent/flat/292423340/;Москва;rent;flat;5;12;2;48.0;60000;0;Гольяново;Байкальская ;30К3;Щёлковская
Intermark Real Estate;real_estate_agent;https://www.cian.ru/rent/flat/312715619/;Москва;rent;flat;14;20;2;70.0;200000;0;Якиманка; Шаболовка;10к1;Шаболовская
СТОЛИЦА Департамент недвижимости;real_estate_agent;https://www.cian.ru/rent/flat/312628160/;Москва;rent;flat;15;33;1;42.0;63000;0;Южное Медведково;Полярная ;25к2;Медведково
;;https://www.cian.ru/rent/flat/312586402/;Москва;rent;flat;5;21;2;50.0;172000;0;Алексеевский;Новоалексеевская ;16к2;Алексеевская
ID 56997267;homeowner;https://www.cian.ru/rent/flat/312737692/;Москва;rent;flat;4;32;2;40.0;125000;0;Головинский;Кронштадтский бульвар;9к6;Водный стадион
Циан х ПИК-Аренда;real_estate_agent;https://www.cian.ru/rent/flat/312807116/;Москва;rent;flat;3;5;2;66.0;67900;0;Люблино;Ставропольская ;14;Люблино
ID 53956680;homeowner;https://www.cian.ru/rent/flat/295613136/;Москва;rent;flat;24;33;2;54.5;115000;0;Нагатино-Садовники;2-й Нагатинский проезд;2/2к1;Коломенская
Intermark Real Estate;real_estate_agent;https://www.cian.ru/rent/flat/310567814/;Москва;rent;flat;6;23;2;63.0;140000;0;Проспект Вернадского; Удальцова;27;Проспект Вернадского
СТОЛИЦА Департамент недвижимости;real_estate_agent;https://www.cian.ru/rent/flat/311927168/;Москва;rent;flat;11;15;2;50.0;70000;0;; Красулинская;21;Филатов Луг
NF Group - ex-Knight Frank;real_estate_agent;https://www.cian.ru/rent/flat/309522613/;Москва;rent;flat;15;21;2;60.0;220000;0;Пресненский;2-я Черногрязская ;6к4;Улица 1905 года
Intermark Real Estate;real_estate_agent;https://www.cian.ru/rent/flat/311371974/;Москва;rent;flat;8;8;2;58.0;200000;0;Дорогомилово;площадь Победы;1кД;Поклонная
ZIP Realty;real_estate_agent;https://www.cian.ru/rent/flat/310386387/;Москва;rent;flat;5;10;2;54.0;100000;0;Дорогомилово;Кутузовский проспект;10;Киевская
AVILU Real Estate;real_estate_agent;https://www.cian.ru/rent/flat/311619151/;Москва;rent;flat;7;33;2;58.0;95000;0;Западное Дегунино; Летчика Осканова;6;Верхние Лихоборы
Trust Realty;real_estate_agent;https://www.cian.ru/rent/flat/312435845/;Москва;rent;flat;6;13;2;75.3;395000;0;Арбат; Новый Арбат;32;Смоленская
ID 29012908;homeowner;https://www.cian.ru/rent/flat/311944763/;Москва;rent;flat;28;47;1;45.0;100000;0;Пресненский;Мукомольный проезд;2;Шелепиха
ID 77052146;homeowner;https://www.cian.ru/rent/flat/310871331/;Москва;rent;flat;5;15;2;46.6;120000;0;Хорошевский;Ходынский бульвар;20А;ЦСКА
Apple Real Estate;real_estate_agent;https://www.cian.ru/rent/flat/312831855/;Москва;rent;flat;6;13;2;76.0;395000;0;Арбат; Новый Арбат;32;Смоленская
EMPIRE HOME;real_estate_agent;https://www.cian.ru/rent/flat/312729688/;Москва;rent;flat;13;20;2;75.0;85000;0;Фили-Давыдково;Тарутинская ;4к2;Славянский бульвар
ID 87269853;homeowner;https://www.cian.ru/rent/flat/311002168/;Москва;rent;flat;22;25;1;41.0;65000;0;; Никитина;11к1;Рассказовка
ID 28113312;unknown;https://www.cian.ru/rent/flat/280331948/;Москва;rent;flat;4;4;1;23.0;85000;0;Даниловский;2-я Рощинская ;10;Тульская
ПИК-Аренда;real_estate_agent;https://www.cian.ru/rent/flat/312619100/;Москва;rent;flat;3;9;2;31.8;60000;0;; Александры Монаховой;85к3;Потапово
Татьяна Шевцова;realtor;https://www.cian.ru/rent/flat/312982847/;Москва;rent;flat;1;16;1;30.0;55000;0;;проспект Куприна;30к2;Бунинская аллея
Intermark Real Estate;real_estate_agent;https://www.cian.ru/rent/flat/312732236/;Москва;rent;flat;2;6;2;57.0;200000;0;Пресненский;Мерзляковский переулок;5/1;Арбатская
ПИК-Аренда;real_estate_agent;https://www.cian.ru/rent/flat/310787724/;Москва;rent;flat;19;24;2;62.0;139400;0;Филевский парк;Барклая ;6Ак1;Багратионовская
Apple Real Estate;real_estate_agent;https://www.cian.ru/rent/flat/311745699/;Москва;rent;flat;4;6;2;140.0;450000;0;Хамовники;Бутиковский переулок;3;Парк Культуры
ID 13043628;homeowner;https://www.cian.ru/rent/flat/313087184/;Москва;rent;flat;2;5;2;42.8;120000;0;Пресненский; Пресненский Вал;23;Белорусская
АЛЬФА;real_estate_agent;https://www.cian.ru/rent/flat/310996971/;Москва;rent;flat;2;5;1;30.0;65000;0;Академический; Кржижановского;24/35К4;Профсоюзная
MERSI;real_estate_agent;https://www.cian.ru/rent/flat/313042607/;Москва;rent;flat;7;14;2;55.0;150000;0;Пресненский; Красная Пресня;23кБс1;Улица 1905 года
ID 109512407;homeowner;https://www.cian.ru/rent/flat/312581075/;Москва;rent;flat;10;25;1;42.0;75000;0;Рязанский; Васильцовский Стан;9;Текстильщики
ID 12819561;unknown;https://www.cian.ru/rent/flat/313005771/;Москва;rent;flat;2;4;1;33.0;80000;0;Соколиная гора;2-й Вольный переулок;11;Соколиная гора
ПАРТНЕР;real_estate_agent;https://www.cian.ru/rent/flat/312383179/;Москва;rent;flat;3;17;1;38.0;55000;0;Марьино; Верхние Поля;38К1;Люблино
ЦеНтр ПИК;real_estate_agent;https://www.cian.ru/rent/flat/312625469/;Москва;rent;flat;7;32;2;86.0;150000;0;Хорошевский;Хорошевское шоссе;12к1;Беговая
Вертикаль;real_estate_agent;https://www.cian.ru/rent/flat/312972135/;Москва;rent;flat;2;10;2;70.0;130000;0;Пресненский; Климашкина;10;Краснопресненская
Whitewill Аренда;real_estate_agent;https://www.cian.ru/rent/flat/312481907/;Москва;rent;flat;4;13;2;92.0;400000;0;Арбат; Новый Арбат;32;Смоленская
Penny Lane Moscow;real_estate_agent;https://www.cian.ru/rent/flat/310626082/;Москва;rent;flat;3;10;2;125.0;450000;0;Тверской;Страстной бульвар;10к1;Пушкинская
EstateLiga;real_estate_agent;https://www.cian.ru/rent/flat/310587409/;Москва;rent;flat;6;44;1;50.0;148000;0;Пресненский;Ходынская ;2;Улица 1905 года
Whitewill Аренда;real_estate_agent;https://www.cian.ru/rent/flat/312716039/;Москва;rent;flat;4;6;2;140.0;480000;0;Хамовники;Бутиковский переулок;3;Парк Культуры
MERSI;real_estate_agent;https://www.cian.ru/rent/flat/286124490/;Москва;rent;flat;6;12;2;78.0;250000;0;Тверской;2-я Брестская ;6;Маяковская
Циан х ПИК-Аренда;real_estate_agent;https://www.cian.ru/rent/flat/313020933/;Москва;rent;flat;5;17;1;37.2;57200;0;Крюково;проспект Георгиевский;27к1;Зеленоград — Крюково
MERSI;real_estate_agent;https://www.cian.ru/rent/flat/311439362/;Москва;rent;flat;3;5;2;55.0;130000;0;Донской;Духовской переулок;17;Тульская
Вертикаль;real_estate_agent;https://www.cian.ru/rent/flat/311749710/;Москва;rent;flat;7;21;1;48.0;130000;0;Пресненский;2-я Черногрязская ;6к3;Улица 1905 года
Вертикаль;real_estate_agent;https://www.cian.ru/rent/flat/313045370/;Москва;rent;flat;19;25;2;53.0;130000;0;Арбат; Новый Арбат;6;Арбатская
Delight Realty;real_estate_agent;https://www.cian.ru/rent/flat/312242763/;Москва;rent;flat;5;5;2;70.0;280000;0;Пресненский;Столярный переулок;3к34;Улица 1905 года
Whitewill Аренда;real_estate_agent;https://www.cian.ru/rent/flat/311039721/;Москва;rent;flat;35;38;2;134.0;380000;0;Раменки;Мосфильмовская ;70к3;Ломоносовский проспект
Apple Real Estate;real_estate_agent;https://www.cian.ru/rent/flat/306980331/;Москва;rent;flat;5;7;2;70.0;215000;0;Арбат;Большой Николопесковский переулок;6;Смоленская
AR Realty - Real Estate Agency;real_estate_agent;https://www.cian.ru/rent/flat/312581921/;Москва;rent;flat;27;34;2;52.0;350000;0;Дорогомилово;Поклонная ;9;Поклонная
MERSI;real_estate_agent;https://www.cian.ru/rent/flat/261416334/;Москва;rent;flat;56;75;2;90.0;350000;0;Пресненский;1-й Красногвардейский проезд;15;Деловой центр
Суламит-НГС;real_estate_agent;https://www.cian.ru/rent/flat/312988736/;Москва;rent;flat;17;26;2;47.7;115000;0;Лефортово;Красноказарменная ;15к1;Авиамоторная
Delight Realty;real_estate_agent;https://www.cian.ru/rent/flat/312097998/;Москва;rent;flat;11;48;2;90.0;185000;0;Обручевский;Ленинский проспект;111к1;Новаторская
SKOLKOVO НЕДВИЖИМОСТЬ;real_estate_agent;https://www.cian.ru/rent/flat/312992155/;Москва;rent;flat;3;21;2;57.5;340000;0;Пресненский;2-я Звенигородская ;16;Улица 1905 года
АЛЬФА;real_estate_agent;https://www.cian.ru/rent/flat/312897132/;Москва;rent;flat;3;7;2;100.0;200000;0;Можайский;Верейская ;29С151;Давыдково
Delight Realty;real_estate_agent;https://www.cian.ru/rent/flat/312461207/;Москва;rent;flat;4;6;2;65.0;250000;0;Хамовники;Комсомольский проспект;42С2;Спортивная
Капиталъ-Недвижимость;real_estate_agent;https://www.cian.ru/rent/flat/285819545/;Москва;rent;flat;6;12;2;80.0;250000;0;Тверской;2-я Брестская ;6;Маяковская
Penny Lane Moscow;real_estate_agent;https://www.cian.ru/rent/flat/307480940/;Москва;rent;flat;6;7;2;70.0;215000;0;Арбат;Большой Николопесковский переулок;6;Смоленская
Этажи Москва;real_estate_agent;https://www.cian.ru/rent/flat/310411861/;Москва;rent;flat;8;9;2;42.0;70000;0;Тимирязевский; Дубки;11;Тимирязевская
Этажи Москва;real_estate_agent;https://www.cian.ru/rent/flat/308203139/;Москва;rent;flat;17;18;2;49.3;65000;0;;проспект Прокшинский;12;Прокшино
Этажи Москва;real_estate_agent;https://www.cian.ru/rent/flat/312979615/;Москва;rent;flat;4;9;2;57.3;85000;0;;бульвар Скандинавский;5к1;Потапово
ID 23648292;unknown;https://www.cian.ru/rent/flat/311224720/;Москва;rent;flat;25;37;1;38.0;105000;0;Хорошево-Мневники;Шелепихинская набережная;34к1зд5;Шелепиха
ID 88729001;realtor;https://www.cian.ru/rent/flat/313072317/;Москва;rent;flat;5;12;1;38.0;75000;0;Преображенское; Преображенский Вал;16;Преображенская площадь
YU HOME;real_estate_agent;https://www.cian.ru/rent/flat/313070562/;Москва;rent;flat;4;23;1;41.0;80000;0;; Анны Ахматовой;11к3;Рассказовка
Whitewill Аренда;real_estate_agent;https://www.cian.ru/rent/flat/312631414/;Москва;rent;flat;5;17;2;53.0;250000;0;Пресненский;Звенигородское шоссе;11;Улица 1905 года
Этажи Москва;real_estate_agent;https://www.cian.ru/rent/flat/309636002/;Москва;rent;flat;17;57;1;32.7;117000;0;Хорошево-Мневники; Народного Ополчения;15К3;Народное Ополчение
SKOLKOVO НЕДВИЖИМОСТЬ;real_estate_agent;https://www.cian.ru/rent/flat/310766132/;Москва;rent;flat;30;67;2;73.0;400000;0;Пресненский;Краснопресненская набережная;14Ак1;Москва-Сити
ПИК-Аренда;real_estate_agent;https://www.cian.ru/rent/flat/309998644/;Москва;rent;flat;2;25;1;35.4;60000;0;Царицыно;Кавказский бульвар;51к2;Кавказский бульвар
EMPIRE HOME;real_estate_agent;https://www.cian.ru/rent/flat/313022011/;Москва;rent;flat;9;17;2;52.0;48000;0;Южное Медведково; Молодцова;9;Медведково
Ма-Трёшка;real_estate_agent;https://www.cian.ru/rent/flat/311745220/;Москва;rent;flat;10;17;1;42.3;59000;0;; Лазурная;1;Коммунарка
Фаворит групп;real_estate_agent;https://www.cian.ru/rent/flat/312663595/;Москва;rent;flat;5;9;1;35.0;70000;0;Замоскворечье;Новокузнецкая ;35-37С1;Павелецкая
АЛЬФА;real_estate_agent;https://www.cian.ru/rent/flat/312967824/;Москва;rent;flat;5;6;1;40.0;90000;0;Ростокино;проспект Мира;188Бк2;Ростокино
ПАРТНЕР;real_estate_agent;https://www.cian.ru/rent/flat/310789331/;Москва;rent;flat;14;16;2;52.0;105000;0;Свиблово;проезд Серебрякова;11к1;Ботанический сад
Delight Realty;real_estate_agent;https://www.cian.ru/rent/flat/312736714/;Москва;rent;flat;57;75;2;96.0;400000;0;Пресненский;1-й Красногвардейский проезд;15;Деловой центр
ID 68938939;homeowner;https://www.cian.ru/rent/flat/312212750/;Москва;rent;flat;7;16;2;39.0;80000;0;;проспект Прокшинский;10;Прокшино
ZIP Realty;real_estate_agent;https://www.cian.ru/rent/flat/312799048/;Москва;rent;flat;2;5;2;42.0;90000;0;Дорогомилово;Студенческая ;16;Студенческая
ЦеНтр ПИК;real_estate_agent;https://www.cian.ru/rent/flat/313002641/;Москва;rent;flat;4;5;1;31.0;60000;0;Пресненский;Стрельбищенский переулок;25А;Улица 1905 года
ПИК-Аренда;real_estate_agent;https://www.cian.ru/rent/flat/311615652/;Москва;rent;flat;19;26;2;40.2;150000;0;Арбат; Новый Арбат;15;Арбатская
Арбат Престиж;real_estate_agent;https://www.cian.ru/rent/flat/312983857/;Москва;rent;flat;36;39;2;41.0;150000;0;Раменки; Лобачевского;120к1;Аминьевская
Славянский Двор Остоженка;real_estate_agent;https://www.cian.ru/rent/flat/311539294/;Москва;rent;flat;58;75;2;100.0;455000;0;Пресненский;1-й Красногвардейский проезд;15;Деловой центр
ПИК-Аренда;real_estate_agent;https://www.cian.ru/rent/flat/313033060/;Москва;rent;flat;13;23;2;42.6;62000;0;Чертаново Южное; Академика Янгеля;2;Улица Академика Янгеля
SKOLKOVO НЕДВИЖИМОСТЬ;real_estate_agent;https://www.cian.ru/rent/flat/312992162/;Москва;rent;flat;17;34;2;56.0;350000;0;Дорогомилово;Поклонная ;9;Поклонная
АЛЬФА;real_estate_agent;https://www.cian.ru/rent/flat/312774466/;Москва;rent;flat;2;9;2;38.0;80000;0;Пресненский;переулок Волков;9С1;Краснопресненская
ПИК-Аренда;real_estate_agent;https://www.cian.ru/rent/flat/311424498/;Москва;rent;flat;12;25;1;35.0;50000;0;Крюково;проспект Георгиевский;27к2;Зеленоград — Крюково
Вертикаль;real_estate_agent;https://www.cian.ru/rent/flat/311371877/;Москва;rent;flat;21;26;1;30.0;130000;0;Арбат; Новый Арбат;15;Арбатская
АЛЬФА;real_estate_agent;https://www.cian.ru/rent/flat/313019344/;Москва;rent;flat;11;22;1;39.0;100000;0;Покровское-Стрешнево;Волоколамское шоссе;71/22к3;Спартак
ПИК-Аренда;real_estate_agent;https://www.cian.ru/rent/flat/312505708/;Москва;rent;flat;9;14;2;75.4;80000;0;; Татьянин Парк;15к2;Говорово
АЛЬФА;real_estate_agent;https://www.cian.ru/rent/flat/312869608/;Москва;rent;flat;8;9;2;52.0;90000;0;Хамовники; Усачева;21;Спортивная
Liberty Estate;real_estate_agent;https://www.cian.ru/rent/flat/312698041/;Москва;rent;flat;5;20;2;40.0;140000;0;Филевский парк;Большая Филевская ;3к3;Фили
ПИК-Аренда;real_estate_agent;https://www.cian.ru/rent/flat/310192351/;Москва;rent;flat;17;17;1;23.3;45000;0;; Александры Монаховой;84к2;Потапово
Apple Real Estate;real_estate_agent;https://www.cian.ru/rent/flat/313022613/;Москва;rent;flat;3;7;2;90.0;220000;0;Можайский;Верейская ;29С151;Давыдково
Вертикаль;real_estate_agent;https://www.cian.ru/rent/flat/312996902/;Москва;rent;flat;5;9;2;50.0;55000;0;Лосиноостровский;Анадырский проезд;57;Медведково
ЦАН;real_estate_agent;https://www.cian.ru/rent/flat/312832839/;Москва;rent;flat;3;18;1;45.0;70000;0;;проспект Прокшинский;12;Прокшино
Delight Realty;real_estate_agent;https://www.cian.ru/rent/flat/309923340/;Москва;rent;flat;14;14;2;78.0;180000;0;Пресненский;Зоологический переулок;8;Краснопресненская
KAIF;real_estate_agent;https://www.cian.ru/rent/flat/312916735/;Москва;rent;flat;21;53;2;50.0;150000;0;Пресненский;Шмитовский проезд;39к8;Москва-Сити
Этажи Москва;real_estate_agent;https://www.cian.ru/rent/flat/309778196/;Москва;rent;flat;5;24;1;38.2;65000;0;Метрогородок;Тагильская ;4В;Бульвар Рокоссовского
ПИК-Аренда;real_estate_agent;https://www.cian.ru/rent/flat/309526874/;Москва;rent;flat;23;25;1;46.5;60000;0;Солнцево;Боровское шоссе;2Ак1;Говорово
Ма-Трёшка;real_estate_agent;https://www.cian.ru/rent/flat/284145188/;Москва;rent;flat;18;22;2;52.1;79900;0;Бескудниковский;Рогачевский переулок;4к1;Селигерская
ПИК-Аренда;real_estate_agent;https://www.cian.ru/rent/flat/310973848/;Москва;rent;flat;11;14;1;38.0;66900;0;Останкинский;Сельскохозяйственная ;39;Ботанический сад
ПАРТНЕР;real_estate_agent;https://www.cian.ru/rent/flat/312718936/;Москва;rent;flat;12;15;1;38.8;45000;0;Южное Бутово;Бартеневская ;49;Бунинская аллея
ID 30381;realtor;https://www.cian.ru/rent/flat/312685731/;Москва;rent;flat;10;17;1;38.0;57000;0;Бескудниковский;Бескудниковский бульвар;32К5;Яхромская
AGORA;real_estate_agent;https://www.cian.ru/rent/flat/312990876/;Москва;rent;flat;17;26;2;50.0;115000;0;Лефортово;Красноказарменная ;15к1;Авиамоторная
Светлана Биличенко;realtor;https://www.cian.ru/rent/flat/310697857/;Москва;rent;flat;5;17;1;38.0;60000;0;Южное Бутово;Скобелевская ;38;Улица Скобелевская
Антон Маслов;realtor;https://www.cian.ru/rent/flat/312678007/;Москва;rent;flat;14;14;1;44.0;110000;0;Хорошевский;Ходынский бульвар;20А;ЦСКА
MODERN HOME;real_estate_agent;https://www.cian.ru/rent/flat/312943455/;Москва;rent;flat;14;17;2;67.3;135000;0;Таганский;Брошевский переулок;6;Пролетарская
ПИК-Аренда;real_estate_agent;https://www.cian.ru/rent/flat/311532349/;Москва;rent;flat;16;17;1;31.7;45000;0;Южное Бутово;Варшавское шоссе;284к3;Бутово
Циан х ПИК-Аренда;real_estate_agent;https://www.cian.ru/rent/flat/312859785/;Москва;rent;flat;18;21;1;41.2;105000;0;Очаково-Матвеевское;Очаковское шоссе;9А;Аминьевская
ПИК-Аренда;real_estate_agent;https://www.cian.ru/rent/flat/312016301/;Москва;rent;flat;3;9;1;43.0;62900;0;; Александры Монаховой;84к3;Потапово
Офис Гид;real_estate_agent;https://www.cian.ru/rent/flat/287197129/;Москва;rent;flat;21;24;1;39.0;50000;0;Левобережный;Беломорская ;8к1;Беломорская
ПИК-Аренда;real_estate_agent;https://www.cian.ru/rent/flat/311301685/;Москва;rent;flat;32;32;1;33.8;52600;0;Митино;Муравская ;38Бк4;Пятницкое шоссе
Apple Real Estate;real_estate_agent;https://www.cian.ru/rent/flat/312482630/;Москва;rent;flat;6;8;2;60.0;190000;0;Пресненский;Тишинская площадь;8;Белорусская
Лидер Риэлти;real_estate_agent;https://www.cian.ru/rent/flat/311488005/;Москва;rent;flat;6;7;2;48.0;48000;0;Обручевский; Академика Челомея;1А;Воронцовская
ПИК-Аренда;real_estate_agent;https://www.cian.ru/rent/flat/311854566/;Москва;rent;flat;5;12;1;37.0;63000;0;; Эдварда Грига;16к2;Потапово
HOUSE MALL - Городская недвижимость;real_estate_agent;https://www.cian.ru/rent/flat/309430121/;Москва;rent;flat;2;21;2;38.3;78000;0;Свиблово;Лазоревый проезд;5к4;Ботанический сад
ПИК-Аренда;real_estate_agent;https://www.cian.ru/rent/flat/309149879/;Москва;rent;flat;23;33;1;32.0;59000;0;Метрогородок;Открытое шоссе;18Ак1;Бульвар Рокоссовского
ПИК-Аренда;real_estate_agent;https://www.cian.ru/rent/flat/312620372/;Москва;rent;flat;2;9;1;40.9;67900;0;; Малое Понизовье;3;Филатов Луг
Циан х ПИК-Аренда;real_estate_agent;https://www.cian.ru/rent/flat/312799157/;Москва;rent;flat;12;12;2;38.5;75000;0;Алексеевский;1-й Рижский переулок;2К7;Алексеевская
ПИК-Аренда;real_estate_agent;https://www.cian.ru/rent/flat/312198235/;Москва;rent;flat;4;15;1;23.0;65000;0;Останкинский;Олонецкая ;6;Отрадное
ПИК-Аренда;real_estate_agent;https://www.cian.ru/rent/flat/312015508/;Москва;rent;flat;4;23;1;34.3;73000;0;Проспект Вернадского;проспект Вернадского;54;Проспект Вернадского
METRAGE;real_estate_agent;https://www.cian.ru/rent/flat/312887564/;Москва;rent;flat;4;15;2;66.0;165000;0;Таганский;Таганская ;36К2;Марксистская
ПИК-Аренда;real_estate_agent;https://www.cian.ru/rent/flat/311795918/;Москва;rent;flat;4;15;2;51.6;65000;0;; Василия Ощепкова;4;Новомосковская
ПИК-Аренда;real_estate_agent;https://www.cian.ru/rent/flat/313030273/;Москва;rent;flat;2;24;1;31.9;67900;0;Текстильщики;1-й Грайвороновский проезд;3Ак2;Текстильщики
EMPIRE HOME;real_estate_agent;https://www.cian.ru/rent/flat/313029527/;Москва;rent;flat;14;17;2;54.0;70000;0;Москворечье-Сабурово; Москворечье;4К5;Кантемировская
ПИК-Аренда;real_estate_agent;https://www.cian.ru/rent/flat/312012978/;Москва;rent;flat;9;9;1;30.1;78200;0;Даниловский;Дербеневская набережная;13/17К3;Крестьянская застава
ПИК-Аренда;real_estate_agent;https://www.cian.ru/rent/flat/312478679/;Москва;rent;flat;22;25;1;31.7;55000;0;Люблино;Люблинская ;72к3;Депо
Циан х ПИК-Аренда;real_estate_agent;https://www.cian.ru/rent/flat/312992946/;Москва;rent;flat;7;12;2;52.3;67900;0;Строгино; Твардовского;11;Строгино
ПИК-Аренда;real_estate_agent;https://www.cian.ru/rent/flat/313029666/;Москва;rent;flat;12;17;1;35.3;70000;0;;проспект Куприна;18к1;Потапово
ПИК-Аренда;real_estate_agent;https://www.cian.ru/rent/flat/312010121/;Москва;rent;flat;27;33;1;32.6;85000;0;Очаково-Матвеевское;Очаковское шоссе;5к3;Аминьевская
ПИК-Аренда;real_estate_agent;https://www.cian.ru/rent/flat/312577634/;Москва;rent;flat;15;17;1;23.2;51700;0;; Александры Монаховой;87к2;Потапово
ПИК-Аренда;real_estate_agent;https://www.cian.ru/rent/flat/311345711/;Москва;rent;flat;5;17;2;50.8;52600;0;Силино;Зеленоград;к1126;Зеленоград — Крюково
ПИК-Аренда;real_estate_agent;https://www.cian.ru/rent/flat/312802343/;Москва;rent;flat;7;25;1;32.0;52600;0;Крюково;проспект Георгиевский;27к1;Зеленоград — Крюково
ПИК-Аренда;real_estate_agent;https://www.cian.ru/rent/flat/312305638/;Москва;rent;flat;2;16;1;40.6;52600;0;;проспект Куприна;1к1;Потапово
ПИК-Аренда;real_estate_agent;https://www.cian.ru/rent/flat/311873209/;Москва;rent;flat;12;23;1;38.0;52600;0;Митино;Муравская ;38к1;Пятницкое шоссе
ПИК-Аренда;real_estate_agent;https://www.cian.ru/rent/flat/311991886/;Москва;rent;flat;1;9;1;36.8;52600;0;Ясенево; Рокотова;8К5;Ясенево
Циан х ПИК-Аренда;real_estate_agent;https://www.cian.ru/rent/flat/312341820/;Москва;rent;flat;24;25;1;36.0;65000;0;Митино;Муравская ;38Бк4;Пятницкое шоссе
ПИК-Аренда;real_estate_agent;https://www.cian.ru/rent/flat/312639508/;Москва;rent;flat;2;11;1;31.3;52600;0;Крюково;проспект Георгиевский;27к1;Зеленоград — Крюково
ПИК-Аренда;real_estate_agent;https://www.cian.ru/rent/flat/312589915/;Москва;rent;flat;24;33;1;19.7;52600;0;Западное Дегунино;Базовская ;15Бк2;Грачёвская
ПИК-Аренда;real_estate_agent;https://www.cian.ru/rent/flat/312533488/;Москва;rent;flat;4;17;1;35.2;52600;0;Южное Бутово;Варшавское шоссе;282к2;Щербинка
ПИК-Аренда;real_estate_agent;https://www.cian.ru/rent/flat/310665829/;Москва;rent;flat;1;2;1;16.0;53000;0;Вешняки;аллея Первой Маевки;15с4;Вешняки
Вертикаль;real_estate_agent;https://www.cian.ru/rent/flat/312989476/;Москва;rent;flat;4;9;2;50.0;60000;0;Гольяново;Чусовская ;11К1;Щёлковская
ПИК-Аренда;real_estate_agent;https://www.cian.ru/rent/flat/311149414/;Москва;rent;flat;3;19;1;33.8;54900;0;Митино;Муравская ;38Бк3;Пятницкое шоссе
ПИК-Аренда;real_estate_agent;https://www.cian.ru/rent/flat/310666792/;Москва;rent;flat;15;25;2;44.8;55000;0;Крюково;проспект Георгиевский;27к1;Зеленоград — Крюково
AGORA;real_estate_agent;https://www.cian.ru/rent/flat/313050883/;Москва;rent;flat;13;37;2;45.0;90000;0;Войковский;Головинское шоссе;10Б;Водный стадион
ПИК-Аренда;real_estate_agent;https://www.cian.ru/rent/flat/312491700/;Москва;rent;flat;4;17;2;59.7;57700;0;; Александры Монаховой;90к4;Бунинская аллея
ПИК-Аренда;real_estate_agent;https://www.cian.ru/rent/flat/311973057/;Москва;rent;flat;9;33;1;20.0;57700;0;Митино;Муравская ;38Бк4;Пятницкое шоссе
ПИК-Аренда;real_estate_agent;https://www.cian.ru/rent/flat/312990317/;Москва;rent;flat;3;17;1;19.9;57700;0;Митино;Муравская ;38Бк3;Пятницкое шоссе
ПИК-Аренда;real_estate_agent;https://www.cian.ru/rent/flat/312430672/;Москва;rent;flat;6;14;1;23.3;58000;0;Останкинский;Сельскохозяйственная ;39;Ботанический сад
ПИК-Аренда;real_estate_agent;https://www.cian.ru/rent/flat/312105884/;Москва;rent;flat;3;21;1;22.0;59000;0;Очаково-Матвеевское; Малая Очаковская;4Ак1;Озёрная
ПИК-Аренда;real_estate_agent;https://www.cian.ru/rent/flat/312378634/;Москва;rent;flat;7;13;1;29.1;60000;0;Рязанский; Михайлова;30Ак4;Плющево
ПИК-Аренда;real_estate_agent;https://www.cian.ru/rent/flat/311608071/;Москва;rent;flat;2;17;1;32.2;64900;0;Царицыно;Кавказский бульвар;51к2;Кавказский бульвар
ПИК-Аренда;real_estate_agent;https://www.cian.ru/rent/flat/312686948/;Москва;rent;flat;12;18;2;68.6;64900;0;; Александры Монаховой;92к2;Потапово
ПИК-Аренда;real_estate_agent;https://www.cian.ru/rent/flat/311048425/;Москва;rent;flat;2;5;1;23.0;62900;0;Ростокино;Сельскохозяйственная ;17к4;Ботанический сад
ПИК-Аренда;real_estate_agent;https://www.cian.ru/rent/flat/312518658/;Москва;rent;flat;20;25;2;41.0;65000;0;Люблино;Люблинская ;78к2;Перерва
Светлана Биличенко;realtor;https://www.cian.ru/rent/flat/312940569/;Москва;rent;flat;14;16;2;56.0;87000;0;Ясенево;Голубинская ;24К1;Новоясеневская
ПИК-Аренда;real_estate_agent;https://www.cian.ru/rent/flat/311664336/;Москва;rent;flat;13;30;2;61.7;104600;0;Зябликово;Ореховый бульвар;24к4;Красногвардейская
ПИК-Аренда;real_estate_agent;https://www.cian.ru/rent/flat/311739263/;Москва;rent;flat;3;17;1;40.7;62900;0;Южное Бутово;Варшавское шоссе;282к1;Бульвар Дмитрия Донского
АЛЬФА;real_estate_agent;https://www.cian.ru/rent/flat/312249326/;Москва;rent;flat;4;5;2;45.0;60000;0;Хорошево-Мневники; Демьяна Бедного;1К6;Народное Ополчение
ПИК-Аренда;real_estate_agent;https://www.cian.ru/rent/flat/311326905/;Москва;rent;flat;21;33;1;32.1;75000;0;Гольяново;Амурская ;2к2;Черкизовская
ПИК-Аренда;real_estate_agent;https://www.cian.ru/rent/flat/311677202/;Москва;rent;flat;7;24;1;33.3;62900;0;Текстильщики;1-й Грайвороновский проезд;13к1;Новохохловская
AGORA;real_estate_agent;https://www.cian.ru/rent/flat/313047995/;Москва;rent;flat;3;25;2;45.0;110000;0;Щукино; Берзарина;32;Щукинская
ПИК-Аренда;real_estate_agent;https://www.cian.ru/rent/flat/312589917/;Москва;rent;flat;5;21;1;33.7;60700;0;Сокольники; Сокольнический Вал;1;Рижская
ПИК-Аренда;real_estate_agent;https://www.cian.ru/rent/flat/309851270/;Москва;rent;flat;2;15;2;46.9;76000;0;Солнцево;Боровское шоссе;2Ак3;Говорово
ПАРТНЕР;real_estate_agent;https://www.cian.ru/rent/flat/313087277/;Москва;rent;flat;1;5;1;33.0;37000;0;Очаково-Матвеевское; Марии Поливановой;9А;Очаково
ПИК-Аренда;real_estate_agent;https://www.cian.ru/rent/flat/311715969/;Москва;rent;flat;7;33;1;20.0;61800;0;Очаково-Матвеевское;Очаковское шоссе;5к3;Аминьевская
EMPIRE HOME;real_estate_agent;https://www.cian.ru/rent/flat/313036269/;Москва;rent;flat;7;14;1;41.0;60000;0;Северное Измайлово;Сиреневый бульвар;1К4;Черкизовская
Циан х ПИК-Аренда;real_estate_agent;https://www.cian.ru/rent/flat/312433025/;Москва;rent;flat;15;15;2;51.3;62900;0;; Лобановский Лес;11;Прокшино
ПИК-Аренда;real_estate_agent;https://www.cian.ru/rent/flat/312535851/;Москва;rent;flat;23;33;1;32.1;75000;0;Очаково-Матвеевское;Очаковское шоссе;5к4;Аминьевская
EMPIRE HOME;real_estate_agent;https://www.cian.ru/rent/flat/313043928/;Москва;rent;flat;3;16;2;60.0;75000;0;Северное Измайлово;Щелковское шоссе;74;Щёлковская
Циан х ПИК-Аренда;real_estate_agent;https://www.cian.ru/rent/flat/313040603/;Москва;rent;flat;3;12;1;25.8;65000;0;; Лобановский Лес;11;Прокшино
ID 13430040;realtor;https://www.cian.ru/rent/flat/313092071/;Москва;rent;flat;2;22;1;38.0;48000;0;Можайский;Беловежская ;81;Сетунь
ПИК-Аренда;real_estate_agent;https://www.cian.ru/rent/flat/311783652/;Москва;rent;flat;5;14;1;19.0;64900;0;Сокол;Ленинградский проспект;80к66;Сокол
СТОЛИЦА Департамент недвижимости;real_estate_agent;https://www.cian.ru/rent/flat/312997055/;Москва;rent;flat;2;9;2;42.0;45000;0;Ивановское; Сталеваров;26К2;Новогиреево
ПИК-Аренда;real_estate_agent;https://www.cian.ru/rent/flat/311276407/;Москва;rent;flat;12;17;1;34.0;47500;0;Южное Бутово;Варшавское шоссе;282к2;Щербинка
Лидер Риэлти;real_estate_agent;https://www.cian.ru/rent/flat/312982889/;Москва;rent;flat;17;40;1;41.0;150000;0;Хорошевский;Ленинградский проспект;37/4;ЦСКА
ПИК-Аренда;real_estate_agent;https://www.cian.ru/rent/flat/311739262/;Москва;rent;flat;9;17;1;23.0;36800;0;Южное Бутово;Варшавское шоссе;284к3;Бутово
ПИК-Аренда;real_estate_agent;https://www.cian.ru/rent/flat/311745369/;Москва;rent;flat;19;25;2;44.9;60000;0;Крюково;проспект Георгиевский;27к2;Зеленоград — Крюково
Бест офис на Таганской;real_estate_agent;https://www.cian.ru/rent/flat/312972089/;Москва;rent;flat;8;17;1;40.0;50000;0;Марьино;Братиславская ;6К1;Братиславская
ПИК-Аренда;real_estate_agent;https://www.cian.ru/rent/flat/311374763/;Москва;rent;flat;4;33;2;68.0;120000;0;Кунцево; Академика Павлова;56к1;Крылатское
ПИК-Аренда;real_estate_agent;https://www.cian.ru/rent/flat/312058277/;Москва;rent;flat;29;33;1;35.8;61700;0;Нижегородский;Новохохловская ;15к3;Калитники
ЦАН;real_estate_agent;https://www.cian.ru/rent/flat/312517344/;Москва;rent;flat;18;26;2;55.0;95000;0;Хорошевский; Маргелова;3к3;Беговая
ПИК-Аренда;real_estate_agent;https://www.cian.ru/rent/flat/312778119/;Москва;rent;flat;5;9;1;39.3;47600;0;; Усадебный Парк;5;Прокшино
Циан х ПИК-Аренда;real_estate_agent;https://www.cian.ru/rent/flat/312994760/;Москва;rent;flat;15;23;2;58.5;67900;0;Бирюлево Восточное;Загорьевская ;25;Лебедянская
ПИК-Аренда;real_estate_agent;https://www.cian.ru/rent/flat/310658058/;Москва;rent;flat;11;16;2;53.6;60700;0;Ясенево;проезд Карамзина;5;Ясенево
ПИК-Аренда;real_estate_agent;https://www.cian.ru/rent/flat/310990089/;Москва;rent;flat;21;33;1;39.5;71000;0;Царицыно;Кавказский бульвар;51к2;Кавказский бульвар
EstateLiga;real_estate_agent;https://www.cian.ru/rent/flat/309829885/;Москва;rent;flat;10;14;2;65.0;35000;0;;бульвар Скандинавский;23к1;Потапово
ПИК-Аренда;real_estate_agent;https://www.cian.ru/rent/flat/312172481/;Москва;rent;flat;10;14;2;55.0;60300;0;; Усадебный Парк;7к1;Толстопальцево
ПИК-Аренда;real_estate_agent;https://www.cian.ru/rent/flat/310658063/;Москва;rent;flat;8;24;2;56.2;80000;0;; Саларьевская;13к2;Саларьево
Циан х ПИК-Аренда;real_estate_agent;https://www.cian.ru/rent/flat/312168826/;Москва;rent;flat;12;16;1;38.0;70000;0;Бабушкинский;Печорская ;5;Бабушкинская
ПИК-Аренда;real_estate_agent;https://www.cian.ru/rent/flat/308309212/;Москва;rent;flat;10;25;1;38.4;72000;0;Чертаново Южное;Варшавское шоссе;141Ак2;Аннино
ПИК-Аренда;real_estate_agent;https://www.cian.ru/rent/flat/311525131/;Москва;rent;flat;29;33;1;34.0;73000;0;Метрогородок;Открытое шоссе;18Ак1;Бульвар Рокоссовского
Intermark Real Estate;real_estate_agent;https://www.cian.ru/rent/flat/312926911/;Москва;rent;flat;6;44;2;70.0;160000;0;Пресненский;Ходынская ;2;Улица 1905 года
ПИК-Аренда;real_estate_agent;https://www.cian.ru/rent/flat/312723606/;Москва;rent;flat;19;33;1;37.0;63000;0;Рязанский; Михайлова;30Ак4;Плющево
ПИК-Аренда;real_estate_agent;https://www.cian.ru/rent/flat/309205157/;Москва;rent;flat;5;9;2;46.9;69900;0;Люблино;проспект 40 лет Октября;22;Депо
АЛЬФА;real_estate_agent;https://www.cian.ru/rent/flat/312967501/;Москва;rent;flat;3;16;1;40.0;105000;0;Даниловский; Архитектора Щусева;5к1;ЗИЛ
ПИК-Аренда;real_estate_agent;https://www.cian.ru/rent/flat/310158744/;Москва;rent;flat;12;33;1;36.0;65000;0;Царицыно;Кавказский бульвар;51к2;Кавказский бульвар
ПИК-Аренда;real_estate_agent;https://www.cian.ru/rent/flat/312052195/;Москва;rent;flat;25;33;1;34.0;75900;0;Царицыно;Кавказский бульвар;51к2;Кавказский бульвар
ID 46115145;homeowner;https://www.cian.ru/rent/flat/312777038/;Москва;rent;flat;40;77;2;70.0;365000;0;Пресненский;1-й Красногвардейский проезд;22с1;Москва-Сити
ПИК-Аренда;real_estate_agent;https://www.cian.ru/rent/flat/311701425/;Москва;rent;flat;17;25;1;34.0;67900;0;Люблино;Люблинская ;72Ак2;Депо
ПИК-Аренда;real_estate_agent;https://www.cian.ru/rent/flat/312081112/;Москва;rent;flat;30;33;1;19.6;48900;0;Западное Дегунино;Базовская ;15Бк2;Грачёвская
I AM ESTATE;real_estate_agent;https://www.cian.ru/rent/flat/270370730/;Москва;rent;flat;2;17;1;35.0;55000;0;Можайский;Сколковское шоссе;13;Сетунь
Penny Lane Moscow;real_estate_agent;https://www.cian.ru/rent/flat/312715574/;Москва;rent;flat;8;44;2;75.0;190000;0;Пресненский;Ходынская ;2;Улица 1905 года
ПИК-Аренда;real_estate_agent;https://www.cian.ru/rent/flat/311565214/;Москва;rent;flat;20;38;1;48.1;129900;0;Раменки;Мосфильмовская ;74Б;Ломоносовский проспект
AGORA;real_estate_agent;https://www.cian.ru/rent/flat/313047766/;Москва;rent;flat;9;10;1;45.0;70000;0;Измайлово;Сиреневый бульвар;4/7;Партизанская
ПИК-Аренда;real_estate_agent;https://www.cian.ru/rent/flat/311701416/;Москва;rent;flat;21;22;2;47.3;75000;0;; Большое Понизовье;1;Филатов Луг
Whitewill Аренда;real_estate_agent;https://www.cian.ru/rent/flat/311377399/;Москва;rent;flat;14;32;2;44.0;130000;0;Черемушки;Херсонская ;43к5;Зюзино
Градсити;real_estate_agent;https://www.cian.ru/rent/flat/313059109/;Москва;rent;flat;14;14;1;38.0;40000;0;Южное Бутово; Адмирала Лазарева;62;Бунинская аллея
Александр  Назаров;realtor;https://www.cian.ru/rent/flat/301992356/;Москва;rent;flat;4;17;1;55.0;130000;0;Таганский;Брошевский переулок;6С1;Пролетарская
ПИК-Аренда;real_estate_agent;https://www.cian.ru/rent/flat/309935083/;Москва;rent;flat;17;33;1;35.7;78200;0;Очаково-Матвеевское;Озерная ;44;Озёрная
PRO ОБМЕН;real_estate_agent;https://www.cian.ru/rent/flat/312688418/;Москва;rent;flat;11;27;2;55.0;170000;0;Хорошевский; Авиаконструктора Сухого;2к2;ЦСКА
ПИК-Аренда;real_estate_agent;https://www.cian.ru/rent/flat/310349596/;Москва;rent;flat;11;16;2;55.3;75000;0;Люблино;Люблинская ;72Ак2;Депо
Александр Силантьев;realtor;https://www.cian.ru/rent/flat/313073476/;Москва;rent;flat;3;12;1;35.0;55000;0;Гагаринский; Вавилова;70К3;Профсоюзная
ПИК-Аренда;real_estate_agent;https://www.cian.ru/rent/flat/311589855/;Москва;rent;flat;21;31;2;55.0;78200;0;Западное Дегунино;Ижорская ;6к1;Ховрино
ПИК-Аренда;real_estate_agent;https://www.cian.ru/rent/flat/312640544/;Москва;rent;flat;2;17;2;33.4;73000;0;;проспект Куприна;18к2;Потапово
Циан х ПИК-Аренда;real_estate_agent;https://www.cian.ru/rent/flat/312721252/;Москва;rent;flat;7;17;2;58.5;109800;0;Царицыно;Кавказский бульвар;51к2;Кавказский бульвар
ПИК-Аренда;real_estate_agent;https://www.cian.ru/rent/flat/311703257/;Москва;rent;flat;33;33;2;48.0;100000;0;Чертаново Южное;Дорожная ;46к5;Красный Строитель
ПИК-Аренда;real_estate_agent;https://www.cian.ru/rent/flat/307505402/;Москва;rent;flat;12;33;1;46.1;95000;0;Головинский;Кронштадтский бульвар;9к3;Водный стадион
Intermark Real Estate;real_estate_agent;https://www.cian.ru/rent/flat/312933929/;Москва;rent;flat;6;9;2;66.0;120000;0;Донской;Ленинский проспект;30;Ленинский проспект
ПИК-Аренда;real_estate_agent;https://www.cian.ru/rent/flat/312487774/;Москва;rent;flat;3;33;2;63.1;125000;0;Бутырский; Руставели;14;Бутырская
ПИК-Аренда;real_estate_agent;https://www.cian.ru/rent/flat/312200825/;Москва;rent;flat;14;33;1;20.0;62900;0;Отрадное;Сигнальный проезд;16к1;Владыкино
RENT_BAND;real_estate_agent;https://www.cian.ru/rent/flat/313092686/;Москва;rent;flat;2;4;2;45.0;85000;0;Даниловский;Автозаводская ;23К7;ЗИЛ
Penny Lane Moscow;real_estate_agent;https://www.cian.ru/rent/flat/312505487/;Москва;rent;flat;7;9;2;55.0;100000;0;Дорогомилово;Большая Дорогомиловская ;10;Киевская
ПИК-Аренда;real_estate_agent;https://www.cian.ru/rent/flat/312430674/;Москва;rent;flat;17;18;2;47.1;90000;0;;проспект Прокшинский;9;Прокшино
EMPIRE HOME;real_estate_agent;https://www.cian.ru/rent/flat/313043378/;Москва;rent;flat;4;14;1;40.0;43000;0;Гольяново;Курганская ;6;Щёлковская
ПИК-Аренда;real_estate_agent;https://www.cian.ru/rent/flat/311545669/;Москва;rent;flat;5;20;2;73.1;125000;0;Останкинский;Олонецкая ;4;Отрадное
ПИК-Аренда;real_estate_agent;https://www.cian.ru/rent/flat/311207207/;Москва;rent;flat;4;22;1;43.2;135300;0;Даниловский;бульвар Братьев Весниных;1;ЗИЛ
AGORA;real_estate_agent;https://www.cian.ru/rent/flat/312922909/;Москва;rent;flat;29;33;2;55.0;120000;0;Кунцево; Академика Павлова;56к1;Крылатское
ПИК-Аренда;real_estate_agent;https://www.cian.ru/rent/flat/312097982/;Москва;rent;flat;12;25;1;46.6;73000;0;Солнцево;Боровское шоссе;2к5;Говорово
AGORA;real_estate_agent;https://www.cian.ru/rent/flat/312191441/;Москва;rent;flat;8;12;1;40.0;130000;0;Тверской;2-я Брестская ;6;Маяковская
ПИК-Аренда;real_estate_agent;https://www.cian.ru/rent/flat/311472141/;Москва;rent;flat;2;33;2;60.6;104600;0;Кунцево; Академика Павлова;38к1;Молодёжная
ПИК-Аренда;real_estate_agent;https://www.cian.ru/rent/flat/312726483/;Москва;rent;flat;12;25;1;33.4;77200;0;Люблино;Люблинская ;72Ак2;Депо
MODERN HOME;real_estate_agent;https://www.cian.ru/rent/flat/313004120/;Москва;rent;flat;6;44;2;46.3;150000;0;Пресненский;Ходынская ;2;Улица 1905 года
ПИК-Аренда;real_estate_agent;https://www.cian.ru/rent/flat/312421688/;Москва;rent;flat;3;14;2;54.5;80000;0;Очаково-Матвеевское;Большая Очаковская ;42;Озёрная
ПИК-Аренда;real_estate_agent;https://www.cian.ru/rent/flat/312164441/;Москва;rent;flat;14;33;1;23.4;62000;0;Очаково-Матвеевское;Очаковское шоссе;5к3;Аминьевская
ID 85118121;homeowner;https://www.cian.ru/rent/flat/313088228/;Москва;rent;flat;6;8;2;50.0;90000;0;Басманный; Земляной Вал;24/32;Курская
ПИК-Аренда;real_estate_agent;https://www.cian.ru/rent/flat/312409367/;Москва;rent;flat;2;9;1;43.0;72300;0;; Малое Понизовье;2;Филатов Луг
ПИК-Аренда;real_estate_agent;https://www.cian.ru/rent/flat/311740016/;Москва;rent;flat;8;9;1;31.9;64900;0;; Александры Монаховой;91к1;Потапово
ID 113236118;homeowner;https://www.cian.ru/rent/flat/312564125/;Москва;rent;flat;3;13;1;36.0;95000;0;Ясенево;Новоясеневский проспект;3В;Тёплый Стан
ПИК-Аренда;real_estate_agent;https://www.cian.ru/rent/flat/312641948/;Москва;rent;flat;4;11;1;31.6;44900;0;Крюково;проспект Георгиевский;27к1;Зеленоград — Крюково
ПИК-Аренда;real_estate_agent;https://www.cian.ru/rent/flat/312303695/;Москва;rent;flat;7;32;1;32.1;60000;0;Митино;Муравская ;38Бк4;Пятницкое шоссе
ПИК-Аренда;real_estate_agent;https://www.cian.ru/rent/flat/311301683/;Москва;rent;flat;24;33;1;32.2;85900;0;Нижегородский;Перовское шоссе;2к2;Нижегородская
ПИК-Аренда;real_estate_agent;https://www.cian.ru/rent/flat/312193235/;Москва;rent;flat;10;17;2;48.9;75000;0;; Александры Монаховой;87к2;Потапово
ПИК-Аренда;real_estate_agent;https://www.cian.ru/rent/flat/311784386/;Москва;rent;flat;10;33;1;40.0;94400;0;Очаково-Матвеевское;Очаковское шоссе;5к4;Аминьевская
AGORA;real_estate_agent;https://www.cian.ru/rent/flat/312542571/;Москва;rent;flat;16;25;2;60.0;170000;0;Очаково-Матвеевское;Нежинская ;3А;Матвеевская
ПИК-Аренда;real_estate_agent;https://www.cian.ru/rent/flat/310969613/;Москва;rent;flat;15;15;1;40.0;64900;0;; Саларьевская;16к3;Саларьево
AGORA;real_estate_agent;https://www.cian.ru/rent/flat/313045541/;Москва;rent;flat;5;9;2;50.0;75000;0;Щукино;Тепличный переулок;5;Октябрьское поле
ПИК-Аренда;real_estate_agent;https://www.cian.ru/rent/flat/312666434/;Москва;rent;flat;1;14;2;33.8;78000;0;Марьина роща;Складочная ;8к2;Дмитровская
ID 16193606;homeowner;https://www.cian.ru/rent/flat/312804807/;Москва;rent;flat;8;9;2;46.0;85000;0;Южное Тушино;Штурвальная ;1;Сходненская
ПИК-Аренда;real_estate_agent;https://www.cian.ru/rent/flat/311770473/;Москва;rent;flat;8;9;2;47.9;99500;0;Москворечье-Сабурово;Пролетарский проспект;12/25;Кантемировская
EstateLiga;real_estate_agent;https://www.cian.ru/rent/flat/312346578/;Москва;rent;flat;10;25;1;50.0;130000;0;Обручевский; Академика Челомея;1А;Воронцовская
ПИК-Аренда;real_estate_agent;https://www.cian.ru/rent/flat/308541117/;Москва;rent;flat;9;24;1;31.8;75000;0;Бабушкинский;Кольская ;8С10;Свиблово
ПИК-Аренда;real_estate_agent;https://www.cian.ru/rent/flat/312726480/;Москва;rent;flat;8;33;1;23.7;67900;0;Очаково-Матвеевское; Малая Очаковская;4Ак2;Озёрная
Каскад;real_estate_agent;https://www.cian.ru/rent/flat/312867260/;Москва;rent;flat;8;9;2;47.2;60000;0;Царицыно; Бехтерева;45К1;Царицыно
ПИК-Аренда;real_estate_agent;https://www.cian.ru/rent/flat/311750100/;Москва;rent;flat;13;33;1;41.8;72000;0;Нижегородский;Перовское шоссе;2к3;Нижегородская
ПИК-Аренда;real_estate_agent;https://www.cian.ru/rent/flat/310872983/;Москва;rent;flat;12;19;1;26.7;95000;0;Беговой;Бумажный проезд;4;Белорусская
Иван Быков;realtor;https://www.cian.ru/rent/flat/263220610/;Москва;rent;flat;15;16;2;56.0;110000;0;Проспект Вернадского; Удальцова;1к1;Новаторская
ПИК-Аренда;real_estate_agent;https://www.cian.ru/rent/flat/312731397/;Москва;rent;flat;2;9;1;33.2;49500;0;Чертаново Южное;Чертановская ;51К3;Улица Академика Янгеля
ПИК-Аренда;real_estate_agent;https://www.cian.ru/rent/flat/311823684/;Москва;rent;flat;6;15;2;61.1;170000;0;Беговой;Ленинградский проспект;29к3;Динамо
NF Group - ex-Knight Frank;real_estate_agent;https://www.cian.ru/rent/flat/311196202/;Москва;rent;flat;4;12;2;75.0;350000;0;Хамовники;2-я Фрунзенская ;8;Фрунзенская
ПИК-Аренда;real_estate_agent;https://www.cian.ru/rent/flat/312052193/;Москва;rent;flat;2;25;2;58.0;114900;0;Щукино; Берзарина;32;Бульвар Генерала Карбышева
ПИК-Аренда;real_estate_agent;https://www.cian.ru/rent/flat/312661919/;Москва;rent;flat;15;33;1;34.3;90000;0;Очаково-Матвеевское;Очаковское шоссе;5к3;Аминьевская
Эксклюзив Хоум;real_estate_agent;https://www.cian.ru/rent/flat/313071841/;Москва;rent;flat;2;21;1;34.0;85000;0;Щукино; Берзарина;30А;Октябрьское поле
ПИК-Аренда;real_estate_agent;https://www.cian.ru/rent/flat/310281476/;Москва;rent;flat;10;21;1;50.0;150000;0;Хорошевский;Хорошевское шоссе;25Ак1;Полежаевская
Delight Realty;real_estate_agent;https://www.cian.ru/rent/flat/308239942/;Москва;rent;flat;8;8;2;62.0;150000;0;Тверской;Тверская ;6С1;Охотный ряд
Лидер Риэлти;real_estate_agent;https://www.cian.ru/rent/flat/312124548/;Москва;rent;flat;8;38;2;60.0;100000;0;Ростокино;проспект Мира;188Бк4;Ростокино
ПИК-Аренда;real_estate_agent;https://www.cian.ru/rent/flat/312619098/;Москва;rent;flat;20;25;1;41.0;67900;0;; Саларьевская;13к3;Саларьево
ПИК-Аренда;real_estate_agent;https://www.cian.ru/rent/flat/311275115/;Москва;rent;flat;9;18;1;20.1;47000;0;; Александры Монаховой;90к1;Потапово
Apple Real Estate;real_estate_agent;https://www.cian.ru/rent/flat/313033360/;Москва;rent;flat;3;14;2;70.0;170000;0;Раменки;Минская ;1ГК1;Ломоносовский проспект
ПИК-Аренда;real_estate_agent;https://www.cian.ru/rent/flat/311707057/;Москва;rent;flat;6;27;1;39.6;100000;0;Лефортово; Крузенштерна;10к1;Авиамоторная
Вертикаль;real_estate_agent;https://www.cian.ru/rent/flat/312177292/;Москва;rent;flat;15;29;2;40.0;110000;0;Головинский;Пулковская ;2;Водный стадион
ID 47205245;unknown;https://www.cian.ru/rent/flat/313073025/;Москва;rent;flat;1;9;2;44.0;55000;0;Можайский;Беловежская ;77;Сетунь
ПИК-Аренда;real_estate_agent;https://www.cian.ru/rent/flat/312771237/;Москва;rent;flat;22;33;1;32.0;80000;0;Гольяново;Амурская ;2к2;Черкизовская
AGORA;real_estate_agent;https://www.cian.ru/rent/flat/312827691/;Москва;rent;flat;8;18;2;45.0;140000;0;Пресненский;Шмитовский проезд;39к8;Москва-Сити
ПИК-Аренда;real_estate_agent;https://www.cian.ru/rent/flat/312775496/;Москва;rent;flat;11;22;1;47.0;70000;0;; Саларьевская;14к2;Саларьево
ПИК-Аренда;real_estate_agent;https://www.cian.ru/rent/flat/312477323/;Москва;rent;flat;14;25;2;53.5;67900;0;Кунцево;№ 100 кв-л;1к1;Павшино
EMPIRE HOME;real_estate_agent;https://www.cian.ru/rent/flat/313075149/;Москва;rent;flat;3;17;2;56.0;60000;0;Южное Медведково;Ясный проезд;8К3;Свиблово
ПИК-Аренда;real_estate_agent;https://www.cian.ru/rent/flat/312705351/;Москва;rent;flat;3;33;2;66.2;94400;0;Дмитровский;Лобненская ;13к4;Лианозово
ПИК-Аренда;real_estate_agent;https://www.cian.ru/rent/flat/312046798/;Москва;rent;flat;26;33;1;42.0;82300;0;Очаково-Матвеевское;Очаковское шоссе;5к4;Аминьевская
Александр Силантьев;realtor;https://www.cian.ru/rent/flat/313072754/;Москва;rent;flat;1;9;2;44.0;55000;0;Тропарево-Никулино; 26 Бакинских Комиссаров;1к1;Юго-Западная
ПИК-Аренда;real_estate_agent;https://www.cian.ru/rent/flat/312421692/;Москва;rent;flat;2;17;2;47.0;73000;0;; Александры Монаховой;85к3;Потапово
ПИК-Аренда;real_estate_agent;https://www.cian.ru/rent/flat/312514521/;Москва;rent;flat;21;33;2;53.7;90000;0;Рязанский; Михайлова;30Ак2;Окская
Циан х ПИК-Аренда;real_estate_agent;https://www.cian.ru/rent/flat/312830194/;Москва;rent;flat;16;33;1;31.8;78200;0;Очаково-Матвеевское;Очаковское шоссе;5к6;Аминьевская
ПИК-Аренда;real_estate_agent;https://www.cian.ru/rent/flat/310863318/;Москва;rent;flat;13;17;2;66.3;94400;0;Фили-Давыдково;Кастанаевская ;51К3;Пионерская
ПИК-Аренда;real_estate_agent;https://www.cian.ru/rent/flat/312971987/;Москва;rent;flat;11;33;1;41.0;83300;0;Очаково-Матвеевское;Озерная ;44;Озёрная
Наталья Журова;realtor;https://www.cian.ru/rent/flat/312567706/;Москва;rent;flat;8;30;2;45.0;120000;0;Филевский парк;Береговой проезд;3;Фили
Циан х ПИК-Аренда;real_estate_agent;https://www.cian.ru/rent/flat/313087177/;Москва;rent;flat;4;24;1;24.0;78200;0;Соколиная гора;Окружной проезд;10Б;Измайлово
Ярослав Пантилеенко;realtor;https://www.cian.ru/rent/flat/311939873/;Москва;rent;flat;11;21;1;55.0;120000;0;Филевский парк;Береговой проезд;5к3;Фили
ПИК-Аренда;real_estate_agent;https://www.cian.ru/rent/flat/311156053/;Москва;rent;flat;3;33;2;71.5;94400;0;Царицыно;Кавказский бульвар;51к2;Кавказский бульвар
АЛЬФА;real_estate_agent;https://www.cian.ru/rent/flat/312804049/;Москва;rent;flat;7;18;2;50.0;150000;0;Щукино;Большой Волоколамский проезд;23;Стрешнево
ПИК-Аренда;real_estate_agent;https://www.cian.ru/rent/flat/312188518/;Москва;rent;flat;3;9;2;69.7;70000;0;; Александры Монаховой;98к1;Бунинская аллея
ПИК-Аренда;real_estate_agent;https://www.cian.ru/rent/flat/312705353/;Москва;rent;flat;11;12;2;59.8;83300;0;; Александры Монаховой;6;Коммунарка
EstateLiga;real_estate_agent;https://www.cian.ru/rent/flat/310139083/;Москва;rent;flat;2;25;2;52.0;90000;0;Бескудниковский;Дмитровское шоссе;68;Верхние Лихоборы
ПИК-Аренда;real_estate_agent;https://www.cian.ru/rent/flat/312236290/;Москва;rent;flat;28;33;1;43.6;90000;0;Рязанский; Михайлова;30Ак6;Окская
ПИК-Аренда;real_estate_agent;https://www.cian.ru/rent/flat/310997747/;Москва;rent;flat;18;25;1;46.5;72000;0;Солнцево;Боровское шоссе;2к5;Говорово
AGORA;real_estate_agent;https://www.cian.ru/rent/flat/313061273/;Москва;rent;flat;13;17;1;47.0;65000;0;; Татьянин Парк;15к2;Говорово
ПИК-Аренда;real_estate_agent;https://www.cian.ru/rent/flat/310886364/;Москва;rent;flat;10;17;2;54.2;67000;0;Северное Бутово; Грина;1к1;Бульвар Дмитрия Донского
ПИК-Аренда;real_estate_agent;https://www.cian.ru/rent/flat/310258466/;Москва;rent;flat;4;17;1;46.4;63000;0;; Александры Монаховой;92к1;Потапово
ID 12954897;homeowner;https://www.cian.ru/rent/flat/305557974/;Москва;rent;flat;51;57;1;40.0;120000;0;Хорошево-Мневники; Народного Ополчения;15К3;Народное Ополчение
ПИК-Аренда;real_estate_agent;https://www.cian.ru/rent/flat/312517688/;Москва;rent;flat;8;9;2;37.6;60700;0;Лосиноостровский;Изумрудная ;24К2;Бабушкинская
ПИК-Аренда;real_estate_agent;https://www.cian.ru/rent/flat/312540257/;Москва;rent;flat;3;33;2;51.3;94400;0;Очаково-Матвеевское; Малая Очаковская;4Ак2;Озёрная
EstateLiga;real_estate_agent;https://www.cian.ru/rent/flat/311823230/;Москва;rent;flat;13;16;1;45.0;140000;0;Раменки; Василия Ланового;3;Аминьевская
ПИК-Аренда;real_estate_agent;https://www.cian.ru/rent/flat/308254237/;Москва;rent;flat;13;25;1;31.0;73000;0;Нижегородский;Рязанский проспект;2/2к2;Нижегородская
ПИК-Аренда;real_estate_agent;https://www.cian.ru/rent/flat/312506437/;Москва;rent;flat;16;17;1;27.2;80200;0;Очаково-Матвеевское;Очаковское шоссе;5к1;Аминьевская
RED;real_estate_agent;https://www.cian.ru/rent/flat/312518852/;Москва;rent;flat;13;25;2;56.1;85000;0;Можайский;Рябиновая ;3к1;Рабочий посёлок
ПИК-Аренда;real_estate_agent;https://www.cian.ru/rent/flat/312167127/;Москва;rent;flat;19;33;1;34.0;90000;0;Очаково-Матвеевское;Очаковское шоссе;5к2;Аминьевская
ПИК-Аренда;real_estate_agent;https://www.cian.ru/rent/flat/310001669/;Москва;rent;flat;14;17;2;59.2;94400;0;; Большое Понизовье;7;Филатов Луг
Urban Heights Moscow City;real_estate_agent;https://www.cian.ru/rent/flat/304644614/;Москва;rent;flat;42;78;2;70.0;240000;0;Пресненский;1-й Красногвардейский проезд;22с2;Москва-Сити
РУСЬ - Недвижимость;real_estate_agent;https://www.cian.ru/rent/flat/312682586/;Москва;rent;flat;8;23;2;48.0;135000;0;Обручевский;Профсоюзная ;68к1;Новые Черёмушки
EMPIRE HOME;real_estate_agent;https://www.cian.ru/rent/flat/312938423/;Москва;rent;flat;2;14;1;45.0;85000;0;Марьина роща;Тихвинская ;10;Менделеевская
Intermark Real Estate;real_estate_agent;https://www.cian.ru/rent/flat/311413970/;Москва;rent;flat;8;9;2;78.0;165000;0;Мещанский;Малая Сухаревская площадь;3;Сухаревская
Князев и Партнёры;real_estate_agent;https://www.cian.ru/rent/flat/310634998/;Москва;rent;flat;8;14;1;45.0;140000;0;Раменки;Ломоносовский проспект;25к5;Университет
Светлана Биличенко;realtor;https://www.cian.ru/rent/flat/309998170/;Москва;rent;flat;6;8;1;40.0;85000;0;Басманный; Земляной Вал;39/1С1;Чкаловская
MODERN HOME;real_estate_agent;https://www.cian.ru/rent/flat/312508035/;Москва;rent;flat;8;8;2;57.6;180000;0;Хорошево-Мневники; Нижние Мневники;9;Терехово 
ПИК-Аренда;real_estate_agent;https://www.cian.ru/rent/flat/311867976/;Москва;rent;flat;3;17;1;35.2;49800;0;Южное Бутово;Варшавское шоссе;282к2;Щербинка
Славянский Двор Остоженка;real_estate_agent;https://www.cian.ru/rent/flat/312460943/;Москва;rent;flat;16;20;2;86.0;210000;0;Раменки;Мосфильмовская ;88к2с7;Раменки
EMPIRE HOME;real_estate_agent;https://www.cian.ru/rent/flat/312807308/;Москва;rent;flat;5;25;1;41.0;65000;0;Очаково-Матвеевское;Большая Очаковская ;3;Аминьевская
ПИК-Аренда;real_estate_agent;https://www.cian.ru/rent/flat/308855358/;Москва;rent;flat;25;33;1;19.7;49500;0;Западное Дегунино;Базовская ;15Бк3;Грачёвская
Суламит-НГС;real_estate_agent;https://www.cian.ru/rent/flat/312532499/;Москва;rent;flat;18;48;1;35.0;85000;0;Хорошево-Мневники; Народного Ополчения;15К1;Народное Ополчение
Intermark Real Estate;real_estate_agent;https://www.cian.ru/rent/flat/307209725/;Москва;rent;flat;12;35;1;42.0;115000;0;Останкинский; Годовикова;11к2;Алексеевская
EMPIRE HOME;real_estate_agent;https://www.cian.ru/rent/flat/311347386/;Москва;rent;flat;5;5;2;45.0;50000;0;Северное Тушино; Героев Панфиловцев;27К1;Планерная
EstateLiga;real_estate_agent;https://www.cian.ru/rent/flat/310684652/;Москва;rent;flat;5;10;1;47.0;75000;0;; Татьянин Парк;14к4;Говорово
Светлана Биличенко;realtor;https://www.cian.ru/rent/flat/312941106/;Москва;rent;flat;6;15;1;42.0;100000;0;Богородское;Краснобогатырская ;40к5;Преображенская площадь
ID 55394;real_estate_agent;https://www.cian.ru/rent/flat/252630966/;Москва;rent;flat;11;12;1;40.0;50000;0;Бибирево; Плещеева;8;Бибирево
Vmestate;real_estate_agent;https://www.cian.ru/rent/flat/312674176/;Москва;rent;flat;3;5;2;75.0;300000;0;Хамовники; Остоженка;7С1;Кропоткинская
Славянский Двор Остоженка;real_estate_agent;https://www.cian.ru/rent/flat/310770112/;Москва;rent;flat;5;31;2;154.0;300000;0;Очаково-Матвеевское;Нежинская ;1к1;Давыдково
KAIF;real_estate_agent;https://www.cian.ru/rent/flat/312429419/;Москва;rent;flat;10;30;2;45.0;100000;0;Южнопортовый;Волгоградский проспект;32/5к2;Угрешская
Intermark Real Estate;real_estate_agent;https://www.cian.ru/rent/flat/312380309/;Москва;rent;flat;7;10;1;47.0;110000;0;Щукино; Маршала Рыбалко;2к9;Панфиловская
EstateLiga;real_estate_agent;https://www.cian.ru/rent/flat/310506103/;Москва;rent;flat;32;32;2;56.0;100000;0;Нижегородский;Газгольдерная ;10;Нижегородская
Александра  Демчук;realtor;https://www.cian.ru/rent/flat/311135160/;Москва;rent;flat;3;9;2;63.0;135000;0;Хорошево-Мневники;Причальный проезд;8к1;Шелепиха
Циан х ПИК-Аренда;real_estate_agent;https://www.cian.ru/rent/flat/312801523/;Москва;rent;flat;18;19;1;19.8;52600;0;Митино;Муравская ;38Бк3;Пятницкое шоссе
Intermark Real Estate;real_estate_agent;https://www.cian.ru/rent/flat/310272405/;Москва;rent;flat;3;37;2;65.0;300000;0;Беговой; 1-я Ямского Поля;1к1;Белорусская
ПИК-Аренда;real_estate_agent;https://www.cian.ru/rent/flat/311470685/;Москва;rent;flat;18;33;2;50.0;99500;0;Царицыно;Кавказский бульвар;51к2;Кавказский бульвар
EMPIRE;real_estate_agent;https://www.cian.ru/rent/flat/312725314/;Москва;rent;flat;11;17;2;53.6;75000;0;Тропарево-Никулино; Академика Анохина;13;Юго-Западная
ПИК-Аренда;real_estate_agent;https://www.cian.ru/rent/flat/311197162/;Москва;rent;flat;29;33;1;39.4;78200;0;Царицыно;Кавказский бульвар;51к2;Кавказский бульвар
Вертикаль;real_estate_agent;https://www.cian.ru/rent/flat/311054314/;Москва;rent;flat;5;9;2;97.0;140000;0;Проспект Вернадского; Удальцова;32к1;Мичуринский проспект
Московский Квартал;real_estate_agent;https://www.cian.ru/rent/flat/313046424/;Москва;rent;flat;1;7;2;56.0;65000;0;Останкинский;Большая Марьинская ;7К2;Алексеевская
Penny Lane Moscow;real_estate_agent;https://www.cian.ru/rent/flat/311736084/;Москва;rent;flat;7;22;2;70.0;107000;0;Ховрино;Фестивальная ;49/40;Речной вокзал
ПИК-Аренда;real_estate_agent;https://www.cian.ru/rent/flat/311373684/;Москва;rent;flat;24;33;2;61.1;104600;0;Отрадное;Сигнальный проезд;16к1;Владыкино
AGORA;real_estate_agent;https://www.cian.ru/rent/flat/313090187/;Москва;rent;flat;7;17;1;33.0;80000;0;Лефортово;проезд Невельского;6к2;Авиамоторная
ПИК-Аренда;real_estate_agent;https://www.cian.ru/rent/flat/311083017/;Москва;rent;flat;21;33;1;42.0;73000;0;Царицыно;Кавказский бульвар;51к2;Кавказский бульвар
ПИК-Аренда;real_estate_agent;https://www.cian.ru/rent/flat/312666430/;Москва;rent;flat;1;17;1;37.5;63400;0;Люблино; Верхние Поля;49К1;Люблино
ID 105755474;homeowner;https://www.cian.ru/rent/flat/312510865/;Москва;rent;flat;16;24;2;55.5;89000;0;;бульвар Андрея Тарковского;11;Рассказовка
ПИК-Аренда;real_estate_agent;https://www.cian.ru/rent/flat/311472138/;Москва;rent;flat;27;33;2;61.4;99500;0;Отрадное;Сигнальный проезд;16к1;Владыкино
ПИК-Аренда;real_estate_agent;https://www.cian.ru/rent/flat/311000597/;Москва;rent;flat;16;23;1;45.7;78200;0;Текстильщики;1-й Грайвороновский проезд;13к2;Новохохловская
Тимур Данилян;realtor;https://www.cian.ru/rent/flat/312492571/;Москва;rent;flat;2;33;1;27.0;60000;0;Дмитровский;Лобненская ;13к4;Лианозово
ПИК-Аренда;real_estate_agent;https://www.cian.ru/rent/flat/312342123/;Москва;rent;flat;22;24;1;43.4;75000;0;Нижегородский;Новохохловская ;15к1;Новохохловская
AGORA;real_estate_agent;https://www.cian.ru/rent/flat/312922473/;Москва;rent;flat;7;11;2;50.0;150000;0;Даниловский; Архитектора Щусева;5к2;ЗИЛ
EstateLiga;real_estate_agent;https://www.cian.ru/rent/flat/312339001/;Москва;rent;flat;16;17;1;37.7;65000;0;Нагорный;Артековская ;1;Варшавская
Apple Real Estate;real_estate_agent;https://www.cian.ru/rent/flat/312947024/;Москва;rent;flat;7;15;2;91.0;230000;0;Тверской;4-я Тверская-Ямская ;22к2;Маяковская
Apple Real Estate;real_estate_agent;https://www.cian.ru/rent/flat/311736603/;Москва;rent;flat;18;18;2;66.0;150000;0;Богородское;Краснобогатырская ;24;Преображенская площадь
AGORA;real_estate_agent;https://www.cian.ru/rent/flat/313057860/;Москва;rent;flat;8;16;2;60.0;100000;0;Ховрино; Дыбенко;36к4;Ховрино
Whitewill Аренда;real_estate_agent;https://www.cian.ru/rent/flat/312717440/;Москва;rent;flat;8;41;1;42.0;160000;0;Хорошевский;Ленинградский проспект;37/5;Аэропорт
Penny Lane Moscow;real_estate_agent;https://www.cian.ru/rent/flat/311432811/;Москва;rent;flat;23;32;2;82.0;130000;0;Тропарево-Никулино;проспект Вернадского;105к4;Юго-Западная
Apple Real Estate;real_estate_agent;https://www.cian.ru/rent/flat/309578801/;Москва;rent;flat;5;6;2;58.0;170000;0;Басманный;Малый Казенный переулок;12С1;Курская
Penny Lane Moscow;real_estate_agent;https://www.cian.ru/rent/flat/311276148/;Москва;rent;flat;4;21;2;80.0;120000;0;Обручевский; Воронцовские Пруды;3;Воронцовская
Циан х ПИК-Аренда;real_estate_agent;https://www.cian.ru/rent/flat/312143404/;Москва;rent;flat;3;12;1;37.6;52600;0;Митино;переулок Ангелов;9;Пятницкое шоссе
Penny Lane Moscow;real_estate_agent;https://www.cian.ru/rent/flat/310431064/;Москва;rent;flat;4;9;1;45.0;95000;0;Хамовники; Плющиха;42;Киевская
АЛЬФА;real_estate_agent;https://www.cian.ru/rent/flat/312216046/;Москва;rent;flat;17;30;2;42.0;90000;0;Войковский; Адмирала Макарова;6А;Водный стадион
