author;author_type;url;location;deal_type;accommodation_type;floor;floors_count;rooms_count;total_meters;price;district;street;house_number;underground;residential_complex
hoomie;real_estate_agent;https://www.cian.ru/sale/flat/309781515/;Москва;sale;flat;19;20;1;45.76;24509056;Даниловский;Автозаводская ;26;Тульская;FORST
ID 71858637;homeowner;https://www.cian.ru/sale/flat/307535890/;Москва;sale;flat;17;17;2;49.1;14500000;; Александры Монаховой;87к2;Потапово;Бунинские луга
FORMA;developer;https://www.cian.ru/sale/flat/312768747/;Москва;sale;flat;4;7;2;57.9;25319670;Даниловский;;;Автозаводская;PAVE
Центр Недвижимости Татьяны Анисимовой;real_estate_agent;https://www.cian.ru/sale/flat/310316239/;Москва;sale;flat;21;23;2;72.0;22500000;Южное Бутово;Старокрымская ;17;Улица Скобелевская;Эталон-Сити
Виктория Демина;realtor;https://www.cian.ru/sale/flat/311924167/;Москва;sale;flat;2;12;2;51.0;26500000;Басманный; Фридриха Энгельса;7-21;Бауманская;
Absolute Premium;developer;https://www.cian.ru/sale/flat/311824202/;Москва;sale;flat;4;17;2;49.8;65448000;Хамовники;;;Воробьёвы горы;Коллекция Лужники ЖК
do A.S.A.P.;real_estate_agent;https://www.cian.ru/sale/flat/312893933/;Москва;sale;flat;8;20;2;52.8;25500000;Котловка;Нагорный бульвар;19к1;Нагорная;Приоритет
Елена Макущенко;realtor;https://www.cian.ru/sale/flat/310971786/;Москва;sale;flat;2;12;2;47.1;15970000;Лефортово;Энергетическая ;13;Авиамоторная;
MR Group;developer;https://www.cian.ru/sale/flat/309432129/;Москва;sale;flat;6;13;2;85.19;127282379;Мещанский;Садовая-Сухаревская ;14;Цветной бульвар;Клубный дом Forum
Whitewill;real_estate_agent;https://www.cian.ru/sale/flat/312583002/;Москва;sale;flat;3;21;1;70.7;85000000;Пресненский; Костикова;4к1;Улица 1905 года;Lucky
Beri;real_estate_agent;https://www.cian.ru/sale/flat/312897210/;Москва;sale;flat;8;12;2;38.3;17950000;Хорошевский; Куусинена;6К10;Полежаевская;
Dominanta;developer;https://www.cian.ru/sale/flat/304841949/;Москва;sale;flat;3;34;2;62.2;41176400;Раменки;проезд 4-й Сетуньский;10Ас2;Парк Победы;hideOUT
Kalinka Group;real_estate_agent;https://www.cian.ru/sale/flat/307826522/;Москва;sale;flat;3;9;2;148.5;220000000;Тверской;1-я Тверская-Ямская ;2;Маяковская;Vesper Tverskaya
ID 12262773;homeowner;https://www.cian.ru/sale/flat/312075022/;Москва;sale;flat;8;9;2;38.0;8500000;Матушкино;Зеленоград;к148;Зеленоград — Крюково;
Sminex;developer;https://www.cian.ru/sale/flat/309389694/;Москва;sale;flat;2;5;2;91.8;199990000;Тверской;;;Площадь Революции;Ильинка 3/8 ЖК
Мария Науменко;realtor;https://www.cian.ru/sale/flat/313090354/;Москва;sale;flat;12;12;2;41.0;13800000;Царицыно;Каспийская ;20к3;Царицыно;
PROНЕДВИЖИМОСТЬ;real_estate_agent;https://www.cian.ru/sale/flat/312920168/;Москва;sale;flat;8;14;2;50.2;12500000;Братеево; Борисовские Пруды;34К2;Алма-Атинская;
Sminex;developer;https://www.cian.ru/sale/flat/294328857/;Москва;sale;flat;3;6;2;124.3;281760000;Басманный;Потаповский переулок;5С4;Красные ворота;Исторический дом 
Алеся Лунина;realtor;https://www.cian.ru/sale/flat/312417901/;Москва;sale;flat;23;39;2;40.5;25900000;Раменки; Лобачевского;120к1;Аминьевская;Крылья
Динара Хабирова;realtor;https://www.cian.ru/sale/flat/312808410/;Москва;sale;flat;32;57;1;33.0;17200000;Хорошево-Мневники; Народного Ополчения;15К3;Народное Ополчение;Wellton Towers
PIONEER;developer;https://www.cian.ru/sale/flat/306809948/;Москва;sale;flat;2;22;2;47.2;27042768;Марьина роща;Прайд жилой квартал;;Савёловская;PRIDE
Whitewill;real_estate_agent;https://www.cian.ru/sale/flat/310765033/;Москва;sale;flat;15;22;2;56.0;28500000;Раменки; Столетова;15;Раменки;Мичуринский
EverVale;real_estate_agent;https://www.cian.ru/sale/flat/312948175/;Москва;sale;flat;27;39;2;67.0;32590000;Раменки; Лобачевского;120к1;Аминьевская;Крылья
Донстрой;developer;https://www.cian.ru/sale/flat/311681481/;Москва;sale;flat;11;16;2;81.6;79021440;Раменки; Сергея Бондарчука;2;Мичуринский проспект;Река
Whitewill;real_estate_agent;https://www.cian.ru/sale/flat/305509203/;Москва;sale;flat;18;26;1;26.1;12500000;Нагатино-Садовники;Нагатинская набережная;10А;Нагатинская;Level Нагатинская
PROНЕДВИЖИМОСТЬ;real_estate_agent;https://www.cian.ru/sale/flat/309755274/;Москва;sale;flat;10;12;2;44.0;10500000;Дмитровский;Клязьминская ;4;Грачёвская;
Главстрой;developer;https://www.cian.ru/sale/flat/311240310/;Москва;sale;flat;2;26;1;44.1;22146446;Филевский парк;Береговой проезд;2;Фили;Береговой-2
Whitewill;real_estate_agent;https://www.cian.ru/sale/flat/310870880/;Москва;sale;flat;2;34;1;43.9;25500000;Обручевский; Архитектора Власова;71к2;Воронцовская;Ever
Авеню-Мск;real_estate_agent;https://www.cian.ru/sale/flat/311042271/;Москва;sale;flat;16;17;2;54.7;12800000;; Летчика Грицевца;8;Пыхтино;Солнцево парк
КОРТРОС;developer;https://www.cian.ru/sale/flat/307676453/;Москва;sale;flat;35;51;2;80.75;;Пресненский;Шелепихинское шоссе;;Шелепиха;Headliner
Whitewill;real_estate_agent;https://www.cian.ru/sale/flat/303477912/;Москва;sale;flat;8;13;2;40.74;26000000;Даниловский;Автозаводская ;23с931к3;Технопарк;WOW
Дмитрий Орлеанский;realtor;https://www.cian.ru/sale/flat/304272213/;Москва;sale;flat;10;14;1;41.5;11500000;Можайский; Толбухина;13К5;Сетунь;
Донстрой;developer;https://www.cian.ru/sale/flat/308968775/;Москва;sale;flat;3;9;2;88.0;146748800;Хамовники;531-й кв-л;;Спортивная;Дом 22 ЖК
PEOPLE;real_estate_agent;https://www.cian.ru/sale/flat/305909779/;Москва;sale;flat;6;10;2;178.1;130000000;Тверской;Большая Грузинская ;69;Белорусская;Четыре Ветра
Beri;real_estate_agent;https://www.cian.ru/sale/flat/312897043/;Москва;sale;flat;8;9;1;32.3;12380000;Зюзино;Черноморский бульвар;19К1;Севастопольская;
Capital Group;developer;https://www.cian.ru/sale/flat/311031870/;Москва;sale;flat;12;18;1;53.4;62039716;Дорогомилово;;;Москва-Сити;Бадаевский ЖК
Whitewill;real_estate_agent;https://www.cian.ru/sale/flat/305688198/;Москва;sale;flat;27;27;2;70.0;38000000;Южнопортовый; 1-я Машиностроения;10;Дубровка;Дубровская Слобода
РГ-Девелопмент;developer;https://www.cian.ru/sale/flat/307274474/;Москва;sale;flat;2;9;2;54.3;11887465;Чертаново Южное;;1.1;Аннино;Варшавские Ворота ЖК
Третий Рим;developer;https://www.cian.ru/sale/flat/310065847/;Москва;sale;flat;3;8;2;97.7;268675000;Арбат;Никитский бульвар;6/20;Арбатская;Никитский-6
Whitewill;real_estate_agent;https://www.cian.ru/sale/flat/309301057/;Москва;sale;flat;3;5;2;95.7;120000000;Басманный;Кривоколенный переулок;10С4;Тургеневская;MOSS Apartments
ID 15133648;homeowner;https://www.cian.ru/sale/flat/312732577/;Москва;sale;flat;5;9;1;36.0;12200000;Богородское;Краснобогатырская ;77;Преображенская площадь;
Ташир;developer;https://www.cian.ru/sale/flat/302722412/;Москва;sale;flat;4;16;2;47.4;25896990;Даниловский; Серпуховский Вал;;Тульская;DECO RESIDENCE (Апартаменты премиум-класса)
Whitewill;real_estate_agent;https://www.cian.ru/sale/flat/311591985/;Москва;sale;flat;16;16;2;85.9;47000000;Даниловский;Павелецкая набережная;8Б;Пролетарская;Резиденции Композиторов
Intermark Real Estate;real_estate_agent;https://www.cian.ru/sale/flat/296565916/;Москва;sale;flat;4;8;2;65.0;38500000;Тверской;Благовещенский переулок;5;Маяковская;
Regions Development;developer;https://www.cian.ru/sale/flat/312602429/;Москва;sale;flat;9;24;2;38.4;19313778;Нагатинский затон;;;Остров мечты;Дрим Рива ЖК
Whitewill;real_estate_agent;https://www.cian.ru/sale/flat/307707684/;Москва;sale;flat;7;9;2;44.8;25000000;Даниловский;Автозаводская ;23с931к3;Технопарк;WOW
PROНЕДВИЖИМОСТЬ;real_estate_agent;https://www.cian.ru/sale/flat/312672574/;Москва;sale;flat;3;9;1;32.8;8800000;Орехово-Борисово Южное;Домодедовская ;42;Домодедовская;
КОРТРОС;developer;https://www.cian.ru/sale/flat/305925747/;Москва;sale;flat;14;49;2;59.51;;Марьина роща;;;Марьина Роща;Тэйт ЖК
Whitewill;real_estate_agent;https://www.cian.ru/sale/flat/311671252/;Москва;sale;flat;3;49;1;42.6;25000000;Хорошево-Мневники; Генерала Глаголева;14Ак1;Бульвар Генерала Карбышева;CRYSTAL Трилогия
Dream Realty;real_estate_agent;https://www.cian.ru/sale/flat/313022225/;Москва;sale;flat;3;14;2;51.7;21000000;Гагаринский; Вавилова;56К2;Вавиловская;
TOUCH;developer;https://www.cian.ru/sale/flat/312659936/;Москва;sale;flat;4;27;2;65.91;46841000;Крылатское;Крылатская ;23;Крылатское;Дом Горизонтов
Whitewill;real_estate_agent;https://www.cian.ru/sale/flat/308368267/;Москва;sale;flat;2;6;2;163.8;179000000;Таганский; Станиславского;11;Таганская;
Диалог Риэлт;real_estate_agent;https://www.cian.ru/sale/flat/312802293/;Москва;sale;flat;11;12;2;57.4;13500000;;проспект Куприна;36к2;Потапово;Эко Бунино
Ташир;developer;https://www.cian.ru/sale/flat/291690195/;Москва;sale;flat;16;21;2;47.9;19801860;Очаково-Матвеевское;Аминьевское шоссе;6;Давыдково;West Tower (Апартаменты бизнес-класса)
Whitewill;real_estate_agent;https://www.cian.ru/sale/flat/307970298/;Москва;sale;flat;14;32;1;44.0;32000000;Черемушки;Херсонская ;43к5;Зюзино;ONYX Deluxe
Msk Estate;real_estate_agent;https://www.cian.ru/sale/flat/312344780/;Москва;sale;flat;4;8;1;19.3;6131110;Соколиная гора;Окружной проезд;15;Измайлово;
FORMA;developer;https://www.cian.ru/sale/flat/305605350/;Москва;sale;flat;8;33;2;64.67;41718617;Пресненский; Пресненский Вал;27С6;Белорусская;Republic
Whitewill;real_estate_agent;https://www.cian.ru/sale/flat/312759057/;Москва;sale;flat;9;26;1;52.0;34000000;Черемушки;Херсонская ;43к5;Зюзино;ONYX Deluxe
PROНЕДВИЖИМОСТЬ;real_estate_agent;https://www.cian.ru/sale/flat/312975024/;Москва;sale;flat;8;12;1;34.8;10500000;Чертаново Южное; Газопровод;3К1;Улица Академика Янгеля;
Sminex;developer;https://www.cian.ru/sale/flat/310108244/;Москва;sale;flat;2;12;1;66.6;146960000;Хамовники;Фрунзенская набережная;30;Фрунзенская;Клубный город-парк 
Whitewill;real_estate_agent;https://www.cian.ru/sale/flat/302250937/;Москва;sale;flat;2;6;2;140.0;235214880;Таганский;Серебряническая набережная;19;Чкаловская;АртХаус
Apple Real Estate;real_estate_agent;https://www.cian.ru/sale/flat/296403571/;Москва;sale;flat;4;8;2;62.0;37900000;Тверской;Благовещенский переулок;5;Маяковская;
Среда;developer;https://www.cian.ru/sale/flat/310720840/;Москва;sale;flat;2;13;1;35.6;14422984;Очаково-Матвеевское;Очаково мкр;;Аминьевская;Среда на Лобачевского ЖК
Whitewill;real_estate_agent;https://www.cian.ru/sale/flat/309583379/;Москва;sale;flat;14;20;2;61.61;27000000;Даниловский;Автозаводская ;26;Тульская;FORST
ID 9734212;real_estate_agent;https://www.cian.ru/sale/flat/302550491/;Москва;sale;flat;23;26;2;56.1;23999000;Ломоносовский; Архитектора Власова;2;Профсоюзная;
Рублево-Архангельское;developer;https://www.cian.ru/sale/flat/307251049/;Москва;sale;flat;2;11;2;47.0;25803000;;;В14 кв-л;Серебряный Бор;Сберсити ЖК
Whitewill;real_estate_agent;https://www.cian.ru/sale/flat/311038284/;Москва;sale;flat;7;22;1;41.0;29900000;Покровское-Стрешнево;бульвар Чкаловский;6к1;Спартак;Клубный город на реке Primavera
ЛюксДом;real_estate_agent;https://www.cian.ru/sale/flat/306867070/;Москва;sale;flat;16;36;1;41.1;33000000;Хорошевский;Ленинградский проспект;37/4;ЦСКА;Прайм Парк
ФСК;developer;https://www.cian.ru/sale/flat/307688647/;Москва;sale;flat;2;8;2;65.7;49836078;Хорошево-Мневники; Шеногина;;Хорошёво;Sydney Prime
Whitewill;real_estate_agent;https://www.cian.ru/sale/flat/309334621/;Москва;sale;flat;18;29;1;38.61;25000000;Марфино; Академика Королева;21;Останкино;Дом Достижение
ID 44641575;realtor;https://www.cian.ru/sale/flat/279725205/;Москва;sale;flat;8;9;2;53.0;14890000;;бульвар Скандинавский;3к2;Потапово;Скандинавия
Среда;developer;https://www.cian.ru/sale/flat/304761149/;Москва;sale;flat;9;30;1;33.89;15614817;Кунцево;48-й кв-л;;Кунцевская;Среда на Кутузовском ЖК
Whitewill;real_estate_agent;https://www.cian.ru/sale/flat/307602631/;Москва;sale;flat;4;4;2;137.0;245015500;Пресненский;Малая Бронная ;26С1;Тверская;Малая Бронная 26
do A.S.A.P.;real_estate_agent;https://www.cian.ru/sale/flat/310798925/;Москва;sale;flat;6;9;2;40.0;14000000;Гольяново;Байкальская ;15;Щёлковская;
IKON Development;developer;https://www.cian.ru/sale/flat/312088884/;Москва;sale;flat;6;21;2;73.2;50184066;Басманный;;;Чкаловская;Чкалов ЖК
Whitewill;real_estate_agent;https://www.cian.ru/sale/flat/306985007/;Москва;sale;flat;18;22;2;67.3;36000000;Марьина роща;Полковая ;1С27;Савёловская;PRIDE
ID 49525710;unknown;https://www.cian.ru/sale/flat/311995961/;Москва;sale;flat;3;5;1;35.4;11950000;Можайский; Толбухина;11К1;Сетунь;
Колди;developer;https://www.cian.ru/sale/flat/313010826/;Москва;sale;flat;4;21;2;54.29;12924820;Нижегородский;Автомобильный проезд;4;Калитники;N’ICE LOFT
Whitewill;real_estate_agent;https://www.cian.ru/sale/flat/305738210/;Москва;sale;flat;18;79;2;71.8;49500000;Пресненский;1-й Красногвардейский проезд;22с2;Москва-Сити;NEVA TOWERS
Intermark Real Estate;real_estate_agent;https://www.cian.ru/sale/flat/304582590/;Москва;sale;flat;2;5;2;107.7;464865798;Пресненский;Большая Никитская ;9;Арбатская;Stella di Mosca Hotel & Residences
TOUCH;developer;https://www.cian.ru/sale/flat/312659989/;Москва;sale;flat;2;8;1;48.3;29572920;Южнопортовый;;к1;Пролетарская;Шампайн ЖК
Whitewill;real_estate_agent;https://www.cian.ru/sale/flat/310448771/;Москва;sale;flat;7;23;2;48.1;16000000;Южнопортовый;Волгоградский проспект;32;Волгоградский проспект;HighWay
ID 92085281;homeowner;https://www.cian.ru/sale/flat/312619770/;Москва;sale;flat;19;19;1;39.7;13100000;Люблино;Ставропольская ;23/1;Люблино;
Концерн КРОСТ;developer;https://www.cian.ru/sale/flat/310927579/;Москва;sale;flat;5;46;2;77.2;53422400;Хорошево-Мневники; Демьяна Бедного;вл24;Карамышевская;Высотка на Жукова
Nikoliers.Офисная и складская недвижимость;real_estate_agent;https://www.cian.ru/sale/flat/309088865/;Москва;sale;flat;8;10;2;57.5;18975000;Головинский;Михалковская ;54;Коптево;Апарт-комплекс Monodom Lake
Whitewill;real_estate_agent;https://www.cian.ru/sale/flat/311086398/;Москва;sale;flat;15;22;2;77.0;45000000;Пресненский;Шмитовский проезд;16С1;Москва-Сити;Шмитовский 16
СТ Тауэрс;developer;https://www.cian.ru/sale/flat/311162559/;Москва;sale;flat;65;66;1;45.5;58012500;Пресненский;1-й Красногвардейский проезд;22с1;Москва-Сити;NEVA TOWERS
Алеся Лунина;realtor;https://www.cian.ru/sale/flat/313026059/;Москва;sale;flat;13;40;1;43.5;20000000;Даниловский;бульвар Братьев Весниных;1;ЗИЛ;ЗИЛАРТ
ID 28525622;homeowner;https://www.cian.ru/sale/flat/291406278/;Москва;sale;flat;15;16;1;42.0;22990000;Басманный; Новая Дорога;9к2;Электрозаводская;Bauman House
FORMA;developer;https://www.cian.ru/sale/flat/312981520/;Москва;sale;flat;13;27;1;34.2;17271000;Даниловский;2-й Павелецкий проезд;7С1;Автозаводская;PAVE
HYDE Residences;real_estate_agent;https://www.cian.ru/sale/flat/304345325/;Москва;sale;flat;32;78;2;85.0;51000000;Пресненский;1-й Красногвардейский проезд;22с2;Москва-Сити;NEVA TOWERS
BARNES International Realty;real_estate_agent;https://www.cian.ru/sale/flat/312660910/;Москва;sale;flat;11;12;1;61.3;41300000;Тверской;2-я Брестская ;6;Маяковская;Резиденция Тверская
Sense Development;developer;https://www.cian.ru/sale/flat/310064478/;Москва;sale;flat;4;9;2;114.3;200025000;Мещанский;Малая Сухаревская площадь;6С4;Сухаревская;Phantom
Катерина  Иванова;realtor;https://www.cian.ru/sale/flat/311870754/;Москва;sale;flat;4;11;2;75.5;59999999;Даниловский;;;Павелецкая;Опус ЖК
NF Group - ex-Knight Frank;real_estate_agent;https://www.cian.ru/sale/flat/303071841/;Москва;sale;flat;19;32;1;32.2;22900000;Пресненский;Шмитовский проезд;39к2;Шелепиха;Headliner
Hutton Development;developer;https://www.cian.ru/sale/flat/305627339/;Москва;sale;flat;5;17;2;101.5;59783500;Гагаринский;Ленинский проспект;38Ак1;Ленинский проспект;Lunar
Винидиктов и Партнеры;real_estate_agent;https://www.cian.ru/sale/flat/310098340/;Москва;sale;flat;38;40;2;115.4;68000000;Обручевский;Профсоюзная ;64к2;Новые Черёмушки;Дирижабль
hoomie;real_estate_agent;https://www.cian.ru/sale/flat/310947112/;Москва;sale;flat;16;20;2;66.52;27330940;Даниловский;;;Тульская;Форст ЖК
Absolute Premium;developer;https://www.cian.ru/sale/flat/311824209/;Москва;sale;flat;9;18;1;49.8;71874000;Хамовники;;;Воробьёвы горы;Коллекция Лужники ЖК
PANDA ESTATE;real_estate_agent;https://www.cian.ru/sale/flat/312779121/;Москва;sale;flat;9;10;2;82.0;80000000;Хамовники;Ружейный переулок;3;Смоленская;Смоленская Застава
BARNES International Realty;real_estate_agent;https://www.cian.ru/sale/flat/308418795/;Москва;sale;flat;11;43;2;54.4;30990000;Раменки;1-й Сетуньский проезд;8;Кутузовская;Hide
Capital Group;developer;https://www.cian.ru/sale/flat/310411669/;Москва;sale;flat;37;58;2;109.7;43157704;Ростокино;проспект Мира;188Бк1;Ростокино;Триколор
PANDA ESTATE;real_estate_agent;https://www.cian.ru/sale/flat/309923956/;Москва;sale;flat;4;23;2;70.0;45000000;Хорошевский; Зорге;9Ак1;Зорге;Зорге 9
PEOPLE;real_estate_agent;https://www.cian.ru/sale/flat/309990547/;Москва;sale;flat;21;23;2;67.9;33500000;Хорошево-Мневники;проезд Проектируемый № 1074;1;Терехово ;Остров
MR Group;developer;https://www.cian.ru/sale/flat/309432133/;Москва;sale;flat;6;13;1;85.04;131684440;Мещанский;Садовая-Сухаревская ;14;Цветной бульвар;Клубный дом Forum
Whitewill;real_estate_agent;https://www.cian.ru/sale/flat/312575064/;Москва;sale;flat;2;39;2;69.0;48000000;Раменки; Лобачевского;120к1;Аминьевская;Крылья
Whitewill;real_estate_agent;https://www.cian.ru/sale/flat/310641949/;Москва;sale;flat;12;23;2;58.4;36750000;Хорошево-Мневники; Нижние Мневники;16к1;Терехово ;Остров
LEGENDA Intelligent Development;developer;https://www.cian.ru/sale/flat/301551563/;Москва;sale;flat;14;34;2;59.1;25708500;Левобережный;Ленинградское шоссе;;Беломорская;Северный порт. Береговые кварталы
Whitewill;real_estate_agent;https://www.cian.ru/sale/flat/306652887/;Москва;sale;flat;9;68;2;92.0;105000000;Пресненский;1-й Красногвардейский проезд;22с1;Москва-Сити;NEVA TOWERS
Whitewill;real_estate_agent;https://www.cian.ru/sale/flat/311033210/;Москва;sale;flat;11;79;2;62.0;50000000;Пресненский;1-й Красногвардейский проезд;22с2;Москва-Сити;NEVA TOWERS
ФСК;developer;https://www.cian.ru/sale/flat/312629753/;Москва;sale;flat;6;38;2;48.7;26279738;Ростокино; Вильгельма Пика;1;Ботанический сад;Режиссёр
Whitewill;real_estate_agent;https://www.cian.ru/sale/flat/309676182/;Москва;sale;flat;53;68;2;86.0;95000000;Пресненский;1-й Красногвардейский проезд;22с2;Москва-Сити;NEVA TOWERS
Homeapp;real_estate_agent;https://www.cian.ru/sale/flat/310149790/;Москва;sale;flat;4;5;2;41.0;18950000;Мещанский;Трифоновская ;55;Рижская;
Dominanta;developer;https://www.cian.ru/sale/flat/313097184/;Москва;sale;flat;9;34;1;39.1;28503900;Раменки;проезд 4-й Сетуньский;10Ас2;Парк Победы;hideOUT
OXE CAPITAL - Элитная Недвижимость;real_estate_agent;https://www.cian.ru/sale/flat/306868916/;Москва;sale;flat;7;21;2;73.0;91250000;Пресненский; Сергея Макеева;9к2;Улица 1905 года;RedSide
Unique;real_estate_agent;https://www.cian.ru/sale/flat/303783084/;Москва;sale;flat;6;9;2;60.0;17000000;; Ясеневая;1к1;Ольховая;Дубровка
AFI Development;developer;https://www.cian.ru/sale/flat/312930005/;Москва;sale;flat;2;25;2;47.7;29085515;Обручевский; Академика Челомея;1А;Воронцовская;AFI Park 
Whitewill;real_estate_agent;https://www.cian.ru/sale/flat/310143504/;Москва;sale;flat;9;32;1;63.0;58000000;Дорогомилово;Поклонная ;9;Поклонная;Поклонная 9
Whitewill Москва-Сити;real_estate_agent;https://www.cian.ru/sale/flat/307295845/;Москва;sale;flat;56;63;2;139.0;100000000;Пресненский;набережная Пресненская;12;Деловой центр;Башня Федерация
MR Group;developer;https://www.cian.ru/sale/flat/308416300/;Москва;sale;flat;8;9;2;42.8;29005560;Марьина роща;;;Марьина Роща;Мод ЖК
Kalinka Group;real_estate_agent;https://www.cian.ru/sale/flat/308907057/;Москва;sale;flat;5;21;2;64.76;67490000;Пресненский; Костикова;4к1;Улица 1905 года;Lucky
PROНЕДВИЖИМОСТЬ;real_estate_agent;https://www.cian.ru/sale/flat/311617665/;Москва;sale;flat;2;8;2;55.0;18900000;Соколиная гора;проспект Буденного;27;Соколиная гора;
Sminex;developer;https://www.cian.ru/sale/flat/309389681/;Москва;sale;flat;2;5;1;54.7;129050000;Тверской;;;Площадь Революции;Ильинка 3/8 ЖК
ID 118768647;unknown;https://www.cian.ru/sale/flat/313043661/;Москва;sale;flat;3;7;1;40.1;33206810;Тверской;Садовая-Самотечная ;2/12;Цветной бульвар;
Intermark Real Estate;real_estate_agent;https://www.cian.ru/sale/flat/312800599/;Москва;sale;flat;11;14;2;77.9;52000000;Гагаринский;Университетский проспект;6К4;Воробьёвы горы;
РКС Девелопмент;developer;https://www.cian.ru/sale/flat/311766283/;Москва;sale;flat;3;16;2;55.54;23326800;Даниловский;Апартаментов Инсайдер комплекс;;Тульская;Дом на набережной INSIDER
Винидиктов и Партнеры;real_estate_agent;https://www.cian.ru/sale/flat/312046847/;Москва;sale;flat;14;41;2;64.8;62000000;Хорошевский;Ленинградский проспект;37/3;Аэропорт;Прайм Парк
GRAND ESTATE - Премиальная недвижимость;real_estate_agent;https://www.cian.ru/sale/flat/301906284/;Москва;sale;flat;5;9;2;64.0;48000000;Хамовники;Фрунзенская набережная;44С1;Фрунзенская;
Мангазея;developer;https://www.cian.ru/sale/flat/312934738/;Москва;sale;flat;18;40;2;57.2;33473440;Даниловский;;;Тульская;Мангазея на Тульской
Whitewill;real_estate_agent;https://www.cian.ru/sale/flat/310840658/;Москва;sale;flat;2;6;2;85.0;265000000;Хамовники; Усачева;9;Спортивная;Magnum
NIKA ESTATE;real_estate_agent;https://www.cian.ru/sale/flat/312408225/;Москва;sale;flat;3;5;2;90.0;85000000;Гагаринский;Андреевская набережная;1;Воробьёвы горы;
Мангазея;developer;https://www.cian.ru/sale/flat/307338727/;Москва;sale;flat;12;24;2;56.6;27847200;Левобережный;Ленинградское шоссе;;Беломорская;Мангазея на Речном
PEOPLE;real_estate_agent;https://www.cian.ru/sale/flat/309801532/;Москва;sale;flat;20;32;2;55.6;55000000;Дорогомилово;Поклонная ;9;Поклонная;Поклонная 9
GRAND ESTATE - Премиальная недвижимость;real_estate_agent;https://www.cian.ru/sale/flat/309518967/;Москва;sale;flat;1;8;2;62.0;34200000;Хамовники;Гагаринский переулок;26;Смоленская;
Sense Development;developer;https://www.cian.ru/sale/flat/304541783/;Москва;sale;flat;13;13;2;106.7;58951750;Даниловский; Даниловский Вал;1А;Тульская;Logos
Whitewill;real_estate_agent;https://www.cian.ru/sale/flat/310470593/;Москва;sale;flat;19;34;2;102.6;150000000;Дорогомилово;Поклонная ;9;Поклонная;Поклонная 9
Intermark Real Estate;real_estate_agent;https://www.cian.ru/sale/flat/293510493/;Москва;sale;flat;8;22;2;87.2;38000000;Раменки; Пырьева;9К1;Поклонная;
Prime Life Development;developer;https://www.cian.ru/sale/flat/306733111/;Москва;sale;flat;9;25;2;56.62;29043266;Нагатино-Садовники;;;Нагатинская;Первый Нагатинский
NF Group - ex-Knight Frank;real_estate_agent;https://www.cian.ru/sale/flat/298050415/;Москва;sale;flat;11;13;2;83.0;113056020;Хамовники; Усачева;15А;Спортивная;Садовые кварталы
PROНЕДВИЖИМОСТЬ;real_estate_agent;https://www.cian.ru/sale/flat/312679624/;Москва;sale;flat;1;9;1;31.2;8600000;Чертаново Центральное;Чертановская ;21К1;Южная;
PIONEER;developer;https://www.cian.ru/sale/flat/306809955/;Москва;sale;flat;2;22;1;30.9;19401183;Марьина роща;Прайд жилой квартал;;Савёловская;PRIDE
NF Group - ex-Knight Frank;real_estate_agent;https://www.cian.ru/sale/flat/307822693/;Москва;sale;flat;9;18;2;66.4;67000000;Хамовники;;;Воробьёвы горы;Коллекция Лужники ЖК
Dream Realty;real_estate_agent;https://www.cian.ru/sale/flat/312726325/;Москва;sale;flat;2;16;2;54.1;12100000;Бирюлево Восточное;Лебедянская ;24К1;Лебедянская;
Донстрой;developer;https://www.cian.ru/sale/flat/310846349/;Москва;sale;flat;6;12;1;57.9;55479780;Раменки; Сергея Бондарчука;2;Мичуринский проспект;Река
Kalinka Group;real_estate_agent;https://www.cian.ru/sale/flat/310717982/;Москва;sale;flat;6;12;2;76.5;76500000;Тверской;2-я Брестская ;6;Маяковская;Резиденция Тверская
TimeProperty;real_estate_agent;https://www.cian.ru/sale/flat/307089602/;Москва;sale;flat;31;40;2;79.1;30500000;Ховрино; Дыбенко;38к1;Ховрино;
Forma;developer;https://www.cian.ru/sale/flat/312534848/;Москва;sale;flat;3;8;2;75.1;37850400;Аэропорт;Часовая ;28к8;Сокол;SOUL
Kalinka Group;real_estate_agent;https://www.cian.ru/sale/flat/304791330/;Москва;sale;flat;10;16;2;73.5;87700000;Раменки;Воробьевское шоссе;4;Поклонная;Воробьёв Дом
GRAND ESTATE - Премиальная недвижимость;real_estate_agent;https://www.cian.ru/sale/flat/307683064/;Москва;sale;flat;2;8;2;54.0;30500000;Басманный;Садовая-Черногрязская ;16-18С1;Красные ворота;
Донстрой;developer;https://www.cian.ru/sale/flat/308968773/;Москва;sale;flat;3;12;1;53.1;96965910;Хамовники;531-й кв-л;;Спортивная;Дом 22 ЖК
Kalinka Group;real_estate_agent;https://www.cian.ru/sale/flat/306226871/;Москва;sale;flat;3;14;2;106.9;160350000;Хамовники;переулок 1-й Тружеников;16;Киевская;Brodsky
GRAND ESTATE - Премиальная недвижимость;real_estate_agent;https://www.cian.ru/sale/flat/310028797/;Москва;sale;flat;5;5;2;81.0;80000000;Пресненский;Ермолаевский переулок;7;Маяковская;
Hutton Development;developer;https://www.cian.ru/sale/flat/312982736/;Москва;sale;flat;5;6;2;75.6;211680000;Якиманка;Софийская набережная;34С3;Новокузнецкая;Клубный дом DUO
Beri;real_estate_agent;https://www.cian.ru/sale/flat/312700104/;Москва;sale;flat;2;6;2;54.5;54840000;Тверской;Козицкий переулок;1А;Пушкинская;
Regions Development;developer;https://www.cian.ru/sale/flat/312584649/;Москва;sale;flat;4;27;1;29.5;16132322;Нагатинский затон;;;Остров мечты;Дрим Рива ЖК
ID 413522;realtor;https://www.cian.ru/sale/flat/310151794/;Москва;sale;flat;7;14;2;68.9;40799000;Раменки;проспект Генерала Дорохова;39к1В;Поклонная;Собрание клубных домов West Garden
Beri;real_estate_agent;https://www.cian.ru/sale/flat/311097872/;Москва;sale;flat;9;9;2;47.4;15990000;Отрадное; Бестужевых;3А;Отрадное;
Stenoy;developer;https://www.cian.ru/sale/flat/300878826/;Москва;sale;flat;4;12;2;50.4;27616226;Преображенское;Электрозаводская ;60;Преображенская площадь;ARTEL
Whitewill;real_estate_agent;https://www.cian.ru/sale/flat/312306225/;Москва;sale;flat;6;36;2;70.6;35830000;Раменки; Лобачевского;120к5;Аминьевская;Событие
МГСН-Проспект Мира;real_estate_agent;https://www.cian.ru/sale/flat/313073013/;Москва;sale;flat;4;12;2;40.0;14990000;Отрадное;Отрадный проезд;9К2;Отрадное;
КОРТРОС;developer;https://www.cian.ru/sale/flat/310241215/;Москва;sale;flat;16;49;1;39.69;;Марьина роща;;;Марьина Роща;Тэйт ЖК
Kalinka Group;real_estate_agent;https://www.cian.ru/sale/flat/311497683/;Москва;sale;flat;40;51;2;62.4;44000000;Раменки;Мичуринский проспект;56;Раменки;Небо — Небоскребы на Мичуринском, 56
TOUCH;developer;https://www.cian.ru/sale/flat/312659948/;Москва;sale;flat;4;27;1;46.32;33838000;Крылатское;Крылатская ;23;Крылатское;Дом Горизонтов
Этажи Москва;real_estate_agent;https://www.cian.ru/sale/flat/313077568/;Москва;sale;flat;27;37;2;60.0;33700000;Раменки;Мосфильмовская ;98к2;Аминьевская;Огни
ID 90059654;homeowner;https://www.cian.ru/sale/flat/312016976/;Москва;sale;flat;23;24;2;38.9;12500000;; Бачуринская;13;Коммунарка;Новая Звезда
STONE;developer;https://www.cian.ru/sale/flat/305914265/;Москва;sale;flat;2;24;2;49.8;21010620;Сокольники; Гастелло;;Сокольники;Sokolniki
Этажи Москва;real_estate_agent;https://www.cian.ru/sale/flat/298547671/;Москва;sale;flat;4;22;2;66.0;34500000;Кунцево; Академика Павлова;28;Молодёжная;Академика Павлова
ID 43945423;homeowner;https://www.cian.ru/sale/flat/312529243/;Москва;sale;flat;3;19;2;51.2;32000000;Красносельский;проспект Академика Сахарова;7;Красные ворота;RED7
FORMA;developer;https://www.cian.ru/sale/flat/309518775/;Москва;sale;flat;6;27;1;32.07;24427719;Пресненский; Пресненский Вал;27С6;Белорусская;Republic
EverVale;real_estate_agent;https://www.cian.ru/sale/flat/313002628/;Москва;sale;flat;11;23;2;52.0;39790000;Раменки;Мичуринский проспект;26;Раменки;
BARNES International Realty;real_estate_agent;https://www.cian.ru/sale/flat/308991902/;Москва;sale;flat;2;17;2;67.8;28000000;Северное Тушино;Химкинский бульвар;14к2;Сходненская;LIFE-Сходненская
Сумма Элементов;developer;https://www.cian.ru/sale/flat/309379633/;Москва;sale;flat;14;85;2;71.56;54208108;Пресненский;Московский международный деловой центр Москва-Сити тер.;;;Дом Дау
SHOW ME;real_estate_agent;https://www.cian.ru/sale/flat/311387318/;Москва;sale;flat;6;6;2;122.0;75000000;Беговой; 3-я Ямского Поля;9;Белорусская;Art Residence
Владимир Солодовник;realtor;https://www.cian.ru/sale/flat/313028858/;Москва;sale;flat;4;8;2;54.0;29990000;Хамовники; Хамовнический Вал;32;Спортивная;
MR Group;developer;https://www.cian.ru/sale/flat/312923386/;Москва;sale;flat;3;36;2;62.8;47688122;Беговой;Ленинградский проспект;вл8;Белорусская;Slava
SHOW ME;real_estate_agent;https://www.cian.ru/sale/flat/310310895/;Москва;sale;flat;6;10;2;64.75;70000000;Дорогомилово;;3к7;Парк Победы;Виктори Парк Резиденсез ЖК
PROНЕДВИЖИМОСТЬ;real_estate_agent;https://www.cian.ru/sale/flat/311098693/;Москва;sale;flat;1;12;2;47.0;15500000;Таганский;Рабочая ;14;Площадь Ильича;
Capital Group;representative_developer;https://www.cian.ru/sale/flat/304746713/;Москва;sale;flat;32;41;2;66.47;33035590;Пресненский;Шмитовский проезд;39к5;Шелепиха;Headliner
Whitewill;real_estate_agent;https://www.cian.ru/sale/flat/311033212/;Москва;sale;flat;9;14;2;67.0;57000000;Раменки;проспект Генерала Дорохова;39к1Б;Поклонная;Собрание клубных домов West Garden
Penny Lane Moscow;real_estate_agent;https://www.cian.ru/sale/flat/308116534/;Москва;sale;flat;26;43;2;78.0;33000000;Хорошевский;Хорошевское шоссе;16к2;Беговая;Дом на Беговой
Пионер;developer;https://www.cian.ru/sale/flat/310137611/;Москва;sale;flat;13;47;2;49.2;37756621;Даниловский;;;Павелецкая;Хай Лайф ЖК
Dream Realty;real_estate_agent;https://www.cian.ru/sale/flat/309402101/;Москва;sale;flat;16;21;2;82.5;47500000;Раменки;Мосфильмовская ;88к2с7;Раменки;Мосфильмовский
OPN PARTNER;real_estate_agent;https://www.cian.ru/sale/flat/313031024/;Москва;sale;flat;15;20;1;41.0;8491900;Бирюлево Восточное;6-я Радиальная ;7/1к1;Царицыно;Царицыно-2
AFI Development;developer;https://www.cian.ru/sale/flat/308884311/;Москва;sale;flat;45;53;2;47.3;22483329;Свиблово;проезд Серебрякова;11к2;Ботанический сад;Afi Tower
Whitewill;real_estate_agent;https://www.cian.ru/sale/flat/309998487/;Москва;sale;flat;14;23;2;50.8;26450000;Можайский;Гжатская ;5к4;Давыдково;LIFE-Кутузовский
Рублево-Архангельское;developer;https://www.cian.ru/sale/flat/312131629/;Москва;sale;flat;2;10;1;44.5;24973400;;;В14 кв-л;Серебряный Бор;Сберсити ЖК
Intermark Real Estate;real_estate_agent;https://www.cian.ru/sale/flat/311326771/;Москва;sale;flat;10;20;2;61.0;29500000;Левобережный;Ленинградское шоссе;69к2;Беломорская;Aquatoria
INGRAD;developer;https://www.cian.ru/sale/flat/312949861/;Москва;sale;flat;24;27;2;53.66;27100000;Нагорный;Электролитный проезд;7;Нагорная;TopHills
ВЫБОР;developer;https://www.cian.ru/sale/flat/300605919/;Москва;sale;flat;2;19;2;57.7;12474740;;;;;Академик
Центр Инвест;developer;https://www.cian.ru/sale/flat/310788526/;Москва;sale;flat;16;35;2;43.1;19779093;Левобережный;Фестивальная ;15к6;Речной вокзал;Фестиваль парк-2
ID 19088925;realtor;https://www.cian.ru/sale/flat/313037539/;Москва;sale;flat;7;32;1;33.0;23990000;Хорошево-Мневники;Причальный проезд;10к1;Шелепиха;Level Причальный
INGRAD;developer;https://www.cian.ru/sale/flat/312949090/;Москва;sale;flat;21;30;2;62.5;32030000;Можайский; Петра Алексеева;14;Рабочий посёлок;Кутузов GRAD II
Upside Development;developer;https://www.cian.ru/sale/flat/312089599/;Москва;sale;flat;20;22;2;48.8;15464720;Западное Дегунино;Дегунинская ;9к1;Селигерская;Любовь и Голуби
IKON Development;developer;https://www.cian.ru/sale/flat/312088883/;Москва;sale;flat;21;21;1;31.7;31700000;Басманный;;;Чкаловская;Чкалов ЖК
ID 127259664;homeowner;https://www.cian.ru/sale/flat/313091897/;Москва;sale;flat;2;17;2;53.0;17650000;Митино;Пятницкое шоссе;38К1;Пятницкое шоссе;
Пионер;developer;https://www.cian.ru/sale/flat/312988193/;Москва;sale;flat;2;18;2;46.1;40440902;Донской;2-й Донской проезд;10;Ленинский проспект;SHIFT
GRAND ESTATE - Премиальная недвижимость;real_estate_agent;https://www.cian.ru/sale/flat/312249643/;Москва;sale;flat;3;8;2;52.0;27000000;Басманный; Земляной Вал;;Чкаловская;
Колди;developer;https://www.cian.ru/sale/flat/302241706/;Москва;sale;flat;5;21;1;30.09;9446755;Нижегородский;;;Калитники;Н'айс Лофт ЖК
RND;real_estate_agent;https://www.cian.ru/sale/flat/313057977/;Москва;sale;flat;2;44;2;45.6;28900000;Пресненский;Ходынская ;2;Улица 1905 года;Пресня Сити
Концерн КРОСТ;developer;https://www.cian.ru/sale/flat/310927636/;Москва;sale;flat;12;46;1;44.2;32575400;Хорошево-Мневники; Демьяна Бедного;вл24;Карамышевская;Высотка на Жукова
Dream Realty;real_estate_agent;https://www.cian.ru/sale/flat/312194426/;Москва;sale;flat;2;14;2;52.1;23000000;Левобережный;;С2;Беломорская;Акватория ЖК
MR Group;developer;https://www.cian.ru/sale/flat/311824035/;Москва;sale;flat;14;29;2;55.8;24590223;Южнопортовый;Волгоградский проспект;32/3к4;Волгоградский проспект;Метрополия
Whitewill;real_estate_agent;https://www.cian.ru/sale/flat/309577496/;Москва;sale;flat;7;12;2;42.1;17400000;Даниловский;набережная Марка Шагала;11к3;ЗИЛ;Shagal
Sense Development;developer;https://www.cian.ru/sale/flat/310064491/;Москва;sale;flat;3;9;1;92.5;164650000;Мещанский;Малая Сухаревская площадь;6С4;Сухаревская;Phantom
МГСН-Проспект Мира;real_estate_agent;https://www.cian.ru/sale/flat/312149335/;Москва;sale;flat;10;19;1;60.0;23990000;Хорошево-Мневники;проспект Маршала Жукова;76к2;Народное Ополчение;
Hutton Development;developer;https://www.cian.ru/sale/flat/310430908/;Москва;sale;flat;7;8;1;50.0;34950000;Гагаринский;Ленинский проспект;38;Ленинский проспект;Lunar
NIKA ESTATE;real_estate_agent;https://www.cian.ru/sale/flat/296351713/;Москва;sale;flat;13;16;2;75.3;54000000;Беговой;Ленинградский проспект;вл8;Белорусская;Slava
Whitewill;real_estate_agent;https://www.cian.ru/sale/flat/310608335/;Москва;sale;flat;9;11;2;60.0;37000000;Дорогомилово; Генерала Ермолова;4;Парк Победы;
LEGENDA Intelligent Development;developer;https://www.cian.ru/sale/flat/312678612/;Москва;sale;flat;3;57;1;35.7;18389070;Левобережный;Ленинградское шоссе;;Беломорская;Северный порт. Береговые кварталы
PROНЕДВИЖИМОСТЬ;real_estate_agent;https://www.cian.ru/sale/flat/312718466/;Москва;sale;flat;6;9;1;32.0;10150000;Ясенево;Голубинская ;7К5;Ясенево;
ФСК;developer;https://www.cian.ru/sale/flat/302976589/;Москва;sale;flat;2;38;1;39.1;21864720;Ростокино; Вильгельма Пика;1;Ботанический сад;Режиссёр
GRAND ESTATE - Премиальная недвижимость;real_estate_agent;https://www.cian.ru/sale/flat/309254824/;Москва;sale;flat;2;9;2;90.0;48090000;Тверской;2-я Тверская-Ямская ;54;Белорусская;
AFI Development;developer;https://www.cian.ru/sale/flat/312930108/;Москва;sale;flat;23;25;1;46.8;22539604;Обручевский; Академика Челомея;1А;Воронцовская;AFI Park 
Whitewill;real_estate_agent;https://www.cian.ru/sale/flat/313038613/;Москва;sale;flat;3;15;1;38.0;28500000;Аэропорт;Ленинградский проспект;36с39;Динамо;ВТБ Арена парк
MR Group;developer;https://www.cian.ru/sale/flat/305978082/;Москва;sale;flat;3;55;1;42.12;23081760;Марьина роща; 4-я Марьиной рощи;12К1;Марьина Роща;Mod
Whitewill;real_estate_agent;https://www.cian.ru/sale/flat/308179072/;Москва;sale;flat;19;24;2;70.0;42000000;Хорошевский;Хорошевское шоссе;25Ак3;Хорошёвская;Династия
РКС Девелопмент;developer;https://www.cian.ru/sale/flat/311766212/;Москва;sale;flat;2;10;1;36.25;17617500;Даниловский;Апартаментов Инсайдер комплекс;;Тульская;Дом на набережной INSIDER
ID 69273227;homeowner;https://www.cian.ru/sale/flat/298524627/;Москва;sale;flat;6;12;2;44.7;15000000;Нагатинский затон; Новинки;17;Коломенская;
Intermark Real Estate;real_estate_agent;https://www.cian.ru/sale/flat/302999320/;Москва;sale;flat;4;8;2;69.8;67134247;Хамовники;Смоленский бульвар;22/14;Смоленская;
Мангазея;developer;https://www.cian.ru/sale/flat/312935315/;Москва;sale;flat;3;40;1;37.3;22641100;Даниловский;;;Тульская;Мангазея на Тульской
Whitewill;real_estate_agent;https://www.cian.ru/sale/flat/312589551/;Москва;sale;flat;10;41;1;51.0;46500000;Раменки;1-й Сетуньский проезд;8;Кутузовская;Hide
EverVale;real_estate_agent;https://www.cian.ru/sale/flat/313058761/;Москва;sale;flat;16;20;2;48.0;20250000;Покровское-Стрешнево;Волоколамское шоссе;95/2к4;Трикотажная;City Bay
Мангазея;developer;https://www.cian.ru/sale/flat/311892251/;Москва;sale;flat;3;24;1;42.8;18990360;Левобережный;Ленинградское шоссе;;Беломорская;Мангазея на Речном
NF Group - ex-Knight Frank;real_estate_agent;https://www.cian.ru/sale/flat/301655618/;Москва;sale;flat;2;11;2;74.13;100000000;Дорогомилово;;3к2;Парк Победы;Виктори Парк Резиденсез ЖК
Msk Estate;real_estate_agent;https://www.cian.ru/sale/flat/308525822/;Москва;sale;flat;22;24;1;14.3;8280000;Тропарево-Никулино;Ленинский проспект;158;Юго-Западная;
Sense Development;developer;https://www.cian.ru/sale/flat/298147602/;Москва;sale;flat;7;13;1;58.8;31337813;Даниловский; Даниловский Вал;1А;Тульская;Logos
MHEstate - Элитная недвижимость;real_estate_agent;https://www.cian.ru/sale/flat/311663723/;Москва;sale;flat;14;41;2;48.0;30900000;Раменки;1-й Сетуньский проезд;8;Кутузовская;Hide
Dream Realty;real_estate_agent;https://www.cian.ru/sale/flat/303256815/;Москва;sale;flat;14;16;1;34.6;14400000;Хорошевский; Поликарпова;19К2;Беговая;
Prime Life Development;developer;https://www.cian.ru/sale/flat/306733105/;Москва;sale;flat;26;28;1;41.65;23070843;Нагатино-Садовники;Нагатинская ;к1вл1;Нагатинская;Первый Нагатинский
Центр Недвижимости Татьяны Анисимовой;real_estate_agent;https://www.cian.ru/sale/flat/304254105/;Москва;sale;flat;21;24;1;34.1;10500000;; Бачуринская;13;Коммунарка;Новая Звезда
PROНЕДВИЖИМОСТЬ;real_estate_agent;https://www.cian.ru/sale/flat/310531592/;Москва;sale;flat;2;22;2;57.8;14700000;Марьино;Поречная ;23;Братиславская;
Forma;developer;https://www.cian.ru/sale/flat/311675519/;Москва;sale;flat;5;8;1;45.1;27050980;Аэропорт;Часовая ;28к8;Сокол;SOUL
Whitewill;real_estate_agent;https://www.cian.ru/sale/flat/312751624/;Москва;sale;flat;24;79;2;61.2;58000000;Пресненский;1-й Красногвардейский проезд;22с2;Москва-Сити;NEVA TOWERS
Whitewill;real_estate_agent;https://www.cian.ru/sale/flat/312095964/;Москва;sale;flat;1;19;2;70.0;50000000;Хорошево-Мневники;Шелепихинская набережная;34к2;Шелепиха;Сердце Столицы
Hutton Development;developer;https://www.cian.ru/sale/flat/312982688/;Москва;sale;flat;2;6;1;48.3;113022000;Якиманка;Софийская набережная;34С3;Новокузнецкая;Клубный дом DUO
ZAPAD REALTY - офис Маршала Жукова;real_estate_agent;https://www.cian.ru/sale/flat/312736543/;Москва;sale;flat;19;41;2;71.0;48000000;Хорошево-Мневники;Шелепихинская набережная;34к5;Шелепиха;Сердце Столицы
Арт Риэлти;real_estate_agent;https://www.cian.ru/sale/flat/306327834/;Москва;sale;flat;2;20;2;45.0;24500000;Хорошево-Мневники; Паршина;10;Серебряный Бор;Серебряный парк
Stenoy;developer;https://www.cian.ru/sale/flat/300878920/;Москва;sale;flat;10;12;1;34.4;20534839;Преображенское;Электрозаводская ;60;Преображенская площадь;ARTEL
Whitewill;real_estate_agent;https://www.cian.ru/sale/flat/312700973/;Москва;sale;flat;28;41;2;72.8;73000000;Хорошевский;Ленинградский проспект;37/6;Аэропорт;Прайм Парк
Enova;real_estate_agent;https://www.cian.ru/sale/flat/313089506/;Москва;sale;flat;9;25;2;57.3;13990000;; Москвитина;5к4;Рассказовка;Город-парк Первый Московский
STONE;developer;https://www.cian.ru/sale/flat/305914273/;Москва;sale;flat;2;24;1;32.9;17555440;Сокольники; Гастелло;;Сокольники;Sokolniki
CENTURY 21 Level;real_estate_agent;https://www.cian.ru/sale/flat/308951576/;Москва;sale;flat;6;7;2;50.0;36500000;Дорогомилово;Кутузовский проспект;24;Москва-Сити;
Contact Real Estate;real_estate_agent;https://www.cian.ru/sale/flat/311419733/;Москва;sale;flat;5;12;1;34.1;19000000;Обручевский; Академика Челомея;1А;Воронцовская;AFI Park 
MR Group;developer;https://www.cian.ru/sale/flat/311202447/;Москва;sale;flat;20;21;2;61.07;24218267;Западное Дегунино;Северный ао;;Селигерская;Селигер Сити ЖК
NIKA ESTATE;real_estate_agent;https://www.cian.ru/sale/flat/310266515/;Москва;sale;flat;6;7;2;50.0;36500000;Дорогомилово;Кутузовский проспект;24;Москва-Сити;
COLDY;developer;https://www.cian.ru/sale/flat/297997345/;Москва;sale;flat;5;14;1;111.54;344770140;Хамовники;переулок 1-й Тружеников;12;Киевская;Хамовники 12
Абсолют Недвижимость;developer;https://www.cian.ru/sale/flat/309051214/;Москва;sale;flat;2;20;2;53.6;11306016;;;3;Филатов Луг;Город-парк Первый Московский
PEOPLE;real_estate_agent;https://www.cian.ru/sale/flat/304224403/;Москва;sale;flat;1;19;2;94.2;67000000;Хорошево-Мневники;Шелепихинская набережная;34к2зд3;Шелепиха;Сердце Столицы
ID 12805501;unknown;https://www.cian.ru/sale/flat/312822633/;Москва;sale;flat;2;5;2;71.3;19100000;Текстильщики;Волжский бульвар;10/18;Текстильщики;
Сумма Элементов;developer;https://www.cian.ru/sale/flat/309379629/;Москва;sale;flat;14;85;1;52.81;44221849;Пресненский;Московский международный деловой центр Москва-Сити тер.;;;Дом Дау
ID 413522;realtor;https://www.cian.ru/sale/flat/306787212/;Москва;sale;flat;12;14;2;49.2;31800000;Раменки;проспект Генерала Дорохова;39к1А;Поклонная;Собрание клубных домов West Garden
Intermark Real Estate;real_estate_agent;https://www.cian.ru/sale/flat/304952945/;Москва;sale;flat;11;20;1;44.0;22490000;Левобережный;;В3;Беломорская;Акватория ЖК
РГ-Девелопмент;developer;https://www.cian.ru/sale/flat/310520364/;Москва;sale;flat;2;30;1;41.9;10215220;Чертаново Южное;;1.1;Аннино;Варшавские Ворота ЖК
Whitewill;real_estate_agent;https://www.cian.ru/sale/flat/312149256/;Москва;sale;flat;2;6;2;121.9;130000000;Замоскворечье;Большой Ордынский переулок;4С4;Третьяковская;Собрание клубных домов ORDYNKA
NIKA ESTATE;real_estate_agent;https://www.cian.ru/sale/flat/307107534/;Москва;sale;flat;11;16;2;68.0;19000000;Очаково-Матвеевское;Матвеевская ;4К1;Матвеевская;
MR Group;developer;https://www.cian.ru/sale/flat/312923388/;Москва;sale;flat;3;36;1;36.4;32948442;Беговой;Ленинградский проспект;вл8;Белорусская;Slava
Антон Фролов;realtor;https://www.cian.ru/sale/flat/312496703/;Москва;sale;flat;13;45;2;51.0;32950000;Дорогомилово;Кутузовский проезд;16А/1;Шелепиха;River Park Кутузовский
Whitewill Москва-Сити;real_estate_agent;https://www.cian.ru/sale/flat/304787065/;Москва;sale;flat;79;97;1;73.0;72900000;Пресненский;набережная Пресненская;12;Деловой центр;Башня Федерация
Абсолют Недвижимость;developer;https://www.cian.ru/sale/flat/304058948/;Москва;sale;flat;3;17;2;53.1;13718810;;;;Мичуринец;Переделкино Ближнее Город-парк
Whitewill;real_estate_agent;https://www.cian.ru/sale/flat/311341337/;Москва;sale;flat;20;21;2;67.5;55000000;Беговой;Ленинградский проспект;29к2;Динамо;Царская площадь
Lars real estate;real_estate_agent;https://www.cian.ru/sale/flat/311961438/;Москва;sale;flat;11;21;2;53.0;23000000;Войковский;Выборгская ;9/1;Водный стадион;Невский
Upside Development;developer;https://www.cian.ru/sale/flat/305101588/;Москва;sale;flat;6;46;2;58.66;28850055;Бутырский;Огородный проезд;;Бутырская;Upside Towers
Whitewill Москва-Сити;real_estate_agent;https://www.cian.ru/sale/flat/297087850/;Москва;sale;flat;51;75;2;123.0;82000000;Пресненский;1-й Красногвардейский проезд;15;Деловой центр;Меркурий Тауэр
Enova;real_estate_agent;https://www.cian.ru/sale/flat/312996973/;Москва;sale;flat;3;25;2;58.0;21000000;Очаково-Матвеевское;Большая Очаковская ;3;Аминьевская;Мичурино
Capital Group;representative_developer;https://www.cian.ru/sale/flat/304746725/;Москва;sale;flat;15;51;1;44.98;26392833;Пресненский;Шелепихинское шоссе;;Шелепиха;Headliner
Whitewill;real_estate_agent;https://www.cian.ru/sale/flat/306821480/;Москва;sale;flat;3;7;2;45.8;41600000;Пресненский;Большой Тишинский переулок;38;Улица 1905 года;Sinatra
Intermark Real Estate;real_estate_agent;https://www.cian.ru/sale/flat/300133660/;Москва;sale;flat;3;3;2;107.8;75000000;Покровское-Стрешнево;Ленинградское шоссе;23к1;Балтийская;TWEED PARK
Пионер;developer;https://www.cian.ru/sale/flat/305778449/;Москва;sale;flat;3;26;1;23.9;23526491;Даниловский;;;Павелецкая;Хай Лайф ЖК
Whitewill;real_estate_agent;https://www.cian.ru/sale/flat/312582953/;Москва;sale;flat;30;79;1;78.0;92880000;Пресненский;1-й Красногвардейский проезд;22с1;Москва-Сити;NEVA TOWERS
GRAND ESTATE - Премиальная недвижимость;real_estate_agent;https://www.cian.ru/sale/flat/310555425/;Москва;sale;flat;5;8;2;57.1;30500000;Хамовники;Комсомольский проспект;36;Фрунзенская;
AFI Development;developer;https://www.cian.ru/sale/flat/308958358/;Москва;sale;flat;37;53;1;47.6;30004390;Свиблово;проезд Серебрякова;11к2;Ботанический сад;Afi Tower
Whitewill Москва-Сити;real_estate_agent;https://www.cian.ru/sale/flat/294457758/;Москва;sale;flat;43;73;2;123.0;149000000;Пресненский;1-й Красногвардейский проезд;22;Деловой центр;NEVA TOWERS
Intermark Real Estate;real_estate_agent;https://www.cian.ru/sale/flat/308946637/;Москва;sale;flat;6;6;2;72.3;46950000;Красносельский;Милютинский переулок;19/4С2;Тургеневская;
INGRAD;developer;https://www.cian.ru/sale/flat/312960235/;Москва;sale;flat;24;26;1;41.88;21550000;Нагорный;Электролитный проезд;7;Нагорная;TopHills
Whitewill Москва-Сити;real_estate_agent;https://www.cian.ru/sale/flat/280116651/;Москва;sale;flat;62;77;2;111.0;149000000;Пресненский;1-й Красногвардейский проезд;22;Деловой центр;NEVA TOWERS
Intermark Real Estate;real_estate_agent;https://www.cian.ru/sale/flat/311710942/;Москва;sale;flat;8;44;2;109.1;49000000;Готовая кв-ра в е Мосфильма2-комн. квартира;8/44 этаж;;;
Центр Инвест;developer;https://www.cian.ru/sale/flat/310788427/;Москва;sale;flat;17;35;1;37.9;19851644;Левобережный;Фестивальная ;15К4;Речной вокзал;Фестиваль парк-2
Whitewill;real_estate_agent;https://www.cian.ru/sale/flat/312583005/;Москва;sale;flat;71;79;1;79.0;85000000;Пресненский;1-й Красногвардейский проезд;22с2;Москва-Сити;NEVA TOWERS
Dream Realty;real_estate_agent;https://www.cian.ru/sale/flat/311157646/;Москва;sale;flat;16;16;1;42.3;13700000;Кузьминки;Волгоградский проспект;78;Кузьминки;
MR Group;developer;https://www.cian.ru/sale/flat/311824063/;Москва;sale;flat;14;30;1;37.6;19855657;Южнопортовый;Волгоградский проспект;32/5к2;Волгоградский проспект;Метрополия
Whitewill;real_estate_agent;https://www.cian.ru/sale/flat/312582957/;Москва;sale;flat;24;79;1;72.0;70000000;Пресненский;1-й Красногвардейский проезд;22с1;Москва-Сити;NEVA TOWERS
Авеню-Мск;real_estate_agent;https://www.cian.ru/sale/flat/307400222/;Москва;sale;flat;2;6;2;58.0;18500000;Покровское-Стрешнево; Свободы;13/2;Тушинская;
Спартак;developer;https://www.cian.ru/sale/flat/297413640/;Москва;sale;flat;11;14;2;69.2;20490120;Ясенево;Новоясеневский проспект;3В;Тёплый Стан;Комплекс апартаментов LES
Максим Санин;realtor;https://www.cian.ru/sale/flat/311985135/;Москва;sale;flat;5;10;2;64.6;25845500;Богородское;4-я Гражданская ;33А;Бульвар Рокоссовского;Вдохновение
ID 95111673;unknown;https://www.cian.ru/sale/flat/312520341/;Москва;sale;flat;12;12;2;75.0;29500000;Куркино;Родионовская ;10к1;Молжаниново;
MR Group;developer;https://www.cian.ru/sale/flat/311202437/;Москва;sale;flat;3;21;1;39.47;16880263;Западное Дегунино;Северный ао;;Селигерская;Селигер Сити ЖК
Intermark Real Estate;real_estate_agent;https://www.cian.ru/sale/flat/311186834/;Москва;sale;flat;2;5;2;105.0;155000000;Тверской;Никольская ;10/2С2б;Лубянка;St. Nickolas
ID 515728;unknown;https://www.cian.ru/sale/flat/312573552/;Москва;sale;flat;22;22;1;38.0;13500000;Ново-Переделкино;Боровское шоссе;33К1;Новопеределкино;
Абсолют Недвижимость;developer;https://www.cian.ru/sale/flat/304058087/;Москва;sale;flat;14;20;1;32.9;8916904;;;3;Филатов Луг;Город-парк Первый Московский
Whitewill;real_estate_agent;https://www.cian.ru/sale/flat/308967173/;Москва;sale;flat;6;6;1;152.3;110000000;Беговой; 3-я Ямского Поля;9;Белорусская;Art Residence
Beri;real_estate_agent;https://www.cian.ru/sale/flat/311485994/;Москва;sale;flat;15;25;2;54.9;24490000;Обручевский;Ленинский проспект;121/1К3;Тропарёво;
Абсолют Недвижимость;developer;https://www.cian.ru/sale/flat/304058853/;Москва;sale;flat;7;17;1;34.3;10630272;;;;Мичуринец;Переделкино Ближнее Город-парк
Intermark Real Estate;real_estate_agent;https://www.cian.ru/sale/flat/307768387/;Москва;sale;flat;3;6;2;58.0;54990000;Хамовники;Зубовская ;7;Парк Культуры;Roza Rossa
Intermark Real Estate;real_estate_agent;https://www.cian.ru/sale/flat/300812067/;Москва;sale;flat;8;17;1;36.2;27000000;Тверской;Садовая-Триумфальная ;22/31;Маяковская;
Upside Development;developer;https://www.cian.ru/sale/flat/305101768/;Москва;sale;flat;15;46;1;37.53;20338227;Бутырский;Огородный проезд;;Бутырская;Upside Towers
NF Group - ex-Knight Frank;real_estate_agent;https://www.cian.ru/sale/flat/305062277/;Москва;sale;flat;4;7;2;65.0;94000000;Хамовники;Комсомольский проспект;42С2;Спортивная;Clerkenwell House
Whitewill;real_estate_agent;https://www.cian.ru/sale/flat/308017227/;Москва;sale;flat;3;24;2;78.0;46900000;Раменки;Мичуринский проспект;7;Ломоносовский проспект;Квартал Шуваловский
Фармэллинрус;developer;https://www.cian.ru/sale/flat/308087259/;Москва;sale;flat;4;20;1;28.25;11059500;Аэропорт; Академика Ильюшина;21;Гражданская;DIUS. Многофункциональный комплекс резиденций
OXE CAPITAL - Элитная Недвижимость;real_estate_agent;https://www.cian.ru/sale/flat/312101863/;Москва;sale;flat;3;21;2;66.5;64900000;Пресненский; Сергея Макеева;9к4;Улица 1905 года;RedSide
Whitewill;real_estate_agent;https://www.cian.ru/sale/flat/313024452/;Москва;sale;flat;6;40;1;43.0;21000000;Даниловский;бульвар Братьев Весниных;1;ЗИЛ;ЗИЛАРТ
Спартак;developer;https://www.cian.ru/sale/flat/297680770/;Москва;sale;flat;13;14;1;108.0;27594000;Ясенево;Новоясеневский проспект;3В;Тёплый Стан;Комплекс апартаментов LES
Яна Короткая;realtor;https://www.cian.ru/sale/flat/312969339/;Москва;sale;flat;20;33;1;35.0;25500000;Хорошево-Мневники;Причальный проезд;10к1;Шелепиха;Level Причальный
PROНЕДВИЖИМОСТЬ;real_estate_agent;https://www.cian.ru/sale/flat/312415422/;Москва;sale;flat;4;16;1;34.5;12000000;Котловка;Большая Черемушкинская ;9К3;Крымская;
Среда;developer;https://www.cian.ru/sale/flat/309590061/;Москва;sale;flat;11;44;2;60.75;24620152;Кунцево;48-й кв-л;;Кунцевская;Среда на Кутузовском ЖК
ID 91109179;real_estate_agent;https://www.cian.ru/sale/flat/312930600/;Москва;sale;flat;29;75;2;107.0;65000000;Пресненский;набережная Пресненская;8с1;Деловой центр;Город Столиц
COLDY;developer;https://www.cian.ru/sale/flat/310880446/;Москва;sale;flat;3;14;2;164.03;514234050;Хамовники;переулок 1-й Тружеников;12;Киевская;Хамовники 12
Основа;developer;https://www.cian.ru/sale/flat/296120171/;Москва;sale;flat;7;28;2;43.1;17567560;Хорошево-Мневники;;;Звенигородская;Эмоушен ЖК
Soul Estate;real_estate_agent;https://www.cian.ru/sale/flat/302074228/;Москва;sale;flat;14;20;2;144.0;150000000;Пресненский; Сергея Макеева;9к1;Улица 1905 года;RedSide
Whitewill;real_estate_agent;https://www.cian.ru/sale/flat/312582974/;Москва;sale;flat;4;4;1;42.1;18000000;Басманный; Казакова;7;Курская;KAZAKOV Grand Loft
MR Group;developer;https://www.cian.ru/sale/flat/300288624/;Москва;sale;flat;7;36;2;61.1;36452871;Савеловский;2-я Хуторская ;34;Дмитровская;SYMPHONY 34
NF Group - ex-Knight Frank;real_estate_agent;https://www.cian.ru/sale/flat/294650795/;Москва;sale;flat;3;5;2;44.0;47900000;Замоскворечье;Озерковская набережная;6;Новокузнецкая;Bogenhouse
CENTURY 21 Level;real_estate_agent;https://www.cian.ru/sale/flat/310315585/;Москва;sale;flat;3;27;2;78.0;37490000;Очаково-Матвеевское;Мичуринский проспект;80;Озёрная;
MR Group;developer;https://www.cian.ru/sale/flat/309818466/;Москва;sale;flat;34;59;2;40.6;16820580;Можайский;;;Давыдково;Сет ЖК
Авеню-Мск;real_estate_agent;https://www.cian.ru/sale/flat/310228648/;Москва;sale;flat;2;28;2;67.3;35700000;Раменки;Винницкая ;8к4;Раменки;Настоящее
GRAND ESTATE - Премиальная недвижимость;real_estate_agent;https://www.cian.ru/sale/flat/308335219/;Москва;sale;flat;15;23;2;100.8;40000000;Раменки; Пырьева;9к2;Поклонная;
Основа;developer;https://www.cian.ru/sale/flat/301642000/;Москва;sale;flat;15;29;2;56.1;19550850;Черемушки; Наметкина;вл10;Новые Черёмушки;Nametkin Tower
GRAND ESTATE - Премиальная недвижимость;real_estate_agent;https://www.cian.ru/sale/flat/313052337/;Москва;sale;flat;21;24;2;52.0;27000000;Арбат; Новый Арбат;10;Арбатская;
CENTURY 21 Street Realty;real_estate_agent;https://www.cian.ru/sale/flat/310510859/;Москва;sale;flat;10;17;1;49.0;19999000;Левобережный;Беломорская ;22;Беломорская;Белый парк
Среда;developer;https://www.cian.ru/sale/flat/311682670/;Москва;sale;flat;8;13;2;53.1;20684361;Очаково-Матвеевское;Очаково мкр;к5.1;Аминьевская;Среда на Лобачевского ЖК
GRAND ESTATE - Премиальная недвижимость;real_estate_agent;https://www.cian.ru/sale/flat/312294020/;Москва;sale;flat;2;4;2;73.0;70000000;Тверской;1-й Колобовский переулок;16С1;Трубная;
Виктория Аз-зари;realtor;https://www.cian.ru/sale/flat/310795781/;Москва;sale;flat;15;25;2;45.7;23990000;Покровское-Стрешнево;Волоколамское шоссе;81/2с3;Трикотажная;Апартаментный комплекс Level Стрешнево
Среда;developer;https://www.cian.ru/sale/flat/309580877/;Москва;sale;flat;8;27;1;38.6;17292954;Очаково-Матвеевское;Очаково мкр;;Аминьевская;Среда на Лобачевского ЖК
hoomie;real_estate_agent;https://www.cian.ru/sale/flat/309712400/;Москва;sale;flat;12;20;2;64.1;25465424;Даниловский;Автозаводская ;26/1;Тульская;FORST
V I B E;real_estate_agent;https://www.cian.ru/sale/flat/309729690/;Москва;sale;flat;2;18;1;41.0;24500000;Беговой;Ленинградский проспект;29к3;Динамо;Царская площадь
Сумма Элементов;developer;https://www.cian.ru/sale/flat/309379306/;Москва;sale;flat;63;85;2;81.54;65834652;Пресненский;Московский международный деловой центр Москва-Сити тер.;;;Дом Дау
EXCLUSIVE CITY;real_estate_agent;https://www.cian.ru/sale/flat/303591678/;Москва;sale;flat;72;79;2;80.0;85000000;Пресненский;1-й Красногвардейский проезд;22с2;Москва-Сити;NEVA TOWERS
Князев и Партнёры;real_estate_agent;https://www.cian.ru/sale/flat/311777605/;Москва;sale;flat;16;26;2;60.0;35000000;Черемушки;Херсонская ;43;Зюзино;Розмарин
Основа;developer;https://www.cian.ru/sale/flat/293005988/;Москва;sale;flat;9;29;1;50.4;17866800;Черемушки; Наметкина;вл10;Новые Черёмушки;Nametkin Tower
NF Group - ex-Knight Frank;real_estate_agent;https://www.cian.ru/sale/flat/289514736/;Москва;sale;flat;2;5;2;64.0;215000000;Хамовники;Пречистенская набережная;43;Кропоткинская;Carré Blanc
Евгений Попов;realtor;https://www.cian.ru/sale/flat/312219623/;Москва;sale;flat;4;5;2;43.7;16990000;Южное Тушино;Парусный проезд;9;Сходненская;
MR Group;developer;https://www.cian.ru/sale/flat/308167041/;Москва;sale;flat;18;28;2;57.3;21430200;Покровское-Стрешнево;Парус кв-л;;Тушинская;Ситизен ЖК
Soul Estate;real_estate_agent;https://www.cian.ru/sale/flat/304963966/;Москва;sale;flat;3;12;2;65.6;82000000;Раменки;Мосфильмовская ;1к5;Ломоносовский проспект;Вишневый сад
Dominanta;developer;https://www.cian.ru/sale/flat/304842050/;Москва;sale;flat;6;34;1;42.7;29804600;Раменки;проезд 4-й Сетуньский;10Ас2;Парк Победы;hideOUT
MR Group;developer;https://www.cian.ru/sale/flat/310433402/;Москва;sale;flat;32;59;2;60.2;24868620;Можайский;;;Давыдково;Веер ЖК
BARNES International Realty;real_estate_agent;https://www.cian.ru/sale/flat/292267406/;Москва;sale;flat;3;6;2;49.0;64000000;Хамовники;Зубовская ;7;Парк Культуры;Roza Rossa
Екатерина Колесникова;realtor;https://www.cian.ru/sale/flat/311580968/;Москва;sale;flat;8;9;2;44.0;16700000;Фили-Давыдково;Кременчугская ;22;Давыдково;
Основа;developer;https://www.cian.ru/sale/flat/301641904/;Москва;sale;flat;10;29;2;50.0;17510000;Черемушки; Наметкина;вл10;Новые Черёмушки;Nametkin Tower
Lars real estate;real_estate_agent;https://www.cian.ru/sale/flat/312513594/;Москва;sale;flat;14;34;1;51.0;41000000;Дорогомилово;Поклонная ;9;Поклонная;Поклонная 9
Isaev Estate;real_estate_agent;https://www.cian.ru/sale/flat/312709970/;Москва;sale;flat;12;12;2;38.2;17000000;Тверской;Новолесная ;7К2;Белорусская;
РГ-Девелопмент;developer;https://www.cian.ru/sale/flat/307196226/;Москва;sale;flat;9;17;2;78.0;35362236;Савеловский;Старый Петровско-Разумовский проезд;1/23С5;Гражданская;Петровский парк II
Kalinka Group;real_estate_agent;https://www.cian.ru/sale/flat/308091340/;Москва;sale;flat;3;6;2;49.0;65000000;Хамовники;Зубовская ;7;Парк Культуры;Roza Rossa
One Moscow;real_estate_agent;https://www.cian.ru/sale/flat/307310479/;Москва;sale;flat;7;20;2;74.32;28658000;Даниловский;Автозаводская ;26/1;Тульская;FORST
Колди;developer;https://www.cian.ru/sale/flat/302241111/;Москва;sale;flat;12;21;1;38.59;12823071;Нижегородский;Автомобильный проезд;4;Калитники;N’ICE LOFT
PEOPLE;real_estate_agent;https://www.cian.ru/sale/flat/305326721/;Москва;sale;flat;3;12;2;66.0;82000000;Раменки;Мосфильмовская ;1к5;Ломоносовский проспект;Вишневый сад
ID 12945247;homeowner;https://www.cian.ru/sale/flat/308517916/;Москва;sale;flat;25;25;1;44.0;14600000;; Саларьевская;16к5;Саларьево;
MR Group;developer;https://www.cian.ru/sale/flat/300289263/;Москва;sale;flat;39;54;2;57.6;32676480;Савеловский;2-я Хуторская ;34;Дмитровская;SYMPHONY 34
NIKA ESTATE;real_estate_agent;https://www.cian.ru/sale/flat/299655879/;Москва;sale;flat;14;24;2;46.0;31000000;Очаково-Матвеевское;Нежинская ;5к2;Матвеевская;Городские резиденции SPIRES
AR Realty - Real Estate Agency;real_estate_agent;https://www.cian.ru/sale/flat/312635197/;Москва;sale;flat;8;34;2;52.0;42000000;Дорогомилово;Поклонная ;9;Поклонная;Поклонная 9
Capital Group;developer;https://www.cian.ru/sale/flat/288136857/;Москва;sale;flat;59;85;2;80.6;73305501;Пресненский;1-й Красногвардейский проезд;21с2;Москва-Сити;МФК ОКО
ANWIN;real_estate_agent;https://www.cian.ru/sale/flat/310718303/;Москва;sale;flat;3;13;1;63.0;120000000;Хамовники; Усачева;15;Спортивная;Садовые кварталы
VESPER;developer;https://www.cian.ru/sale/flat/289484543/;Москва;sale;flat;9;9;2;101.0;208812450;Тверской;1-я Тверская-Ямская ;2;Маяковская;Vesper Tverskaya
BARNES International Realty;real_estate_agent;https://www.cian.ru/sale/flat/301956535/;Москва;sale;flat;2;6;2;137.6;235214880;Таганский;Серебряническая набережная;19;Чкаловская;АртХаус
Msk Estate;real_estate_agent;https://www.cian.ru/sale/flat/309247752/;Москва;sale;flat;3;22;1;20.8;9500000;Тропарево-Никулино;Ленинский проспект;158;Юго-Западная;
Квартал-М;real_estate_agent;https://www.cian.ru/sale/flat/312770564/;Москва;sale;flat;9;9;2;45.9;15000000;Богородское;бульвар Маршала Рокоссовского;38;Бульвар Рокоссовского;
Whitewill;real_estate_agent;https://www.cian.ru/sale/flat/312880851/;Москва;sale;flat;39;58;1;37.5;26800000;Хорошево-Мневники; Народного Ополчения;15К2;Народное Ополчение;Wellton Towers
PEOPLE;real_estate_agent;https://www.cian.ru/sale/flat/311743721/;Москва;sale;flat;14;24;2;57.0;30900000;Хорошево-Мневники;проспект Маршала Жукова;39к6;Народное Ополчение;Wellton park
Главстрой;developer;https://www.cian.ru/sale/flat/296921092/;Москва;sale;flat;2;26;2;74.6;;Филевский парк;Береговой проезд;2;Фили;Береговой-2
PEOPLE;real_estate_agent;https://www.cian.ru/sale/flat/307966942/;Москва;sale;flat;22;24;2;66.8;35500000;Хорошево-Мневники; Народного Ополчения;11;Народное Ополчение;Wellton park
Whitewill;real_estate_agent;https://www.cian.ru/sale/flat/309321335/;Москва;sale;flat;2;9;2;68.0;38000000;Даниловский;Автозаводская ;23с931к3;Технопарк;WOW
Whitewill;real_estate_agent;https://www.cian.ru/sale/flat/312412721/;Москва;sale;flat;6;7;2;60.0;40000000;Дорогомилово;Большая Дорогомиловская ;5;Киевская;
Contact Real Estate;real_estate_agent;https://www.cian.ru/sale/flat/287688964/;Москва;sale;flat;3;5;1;46.3;41670000;Замоскворечье;Озерковская набережная;6;Новокузнецкая;Bogenhouse
ГОРОБМЕН;real_estate_agent;https://www.cian.ru/sale/flat/311419797/;Москва;sale;flat;2;4;2;54.2;45000000;Замоскворечье;2-й Раушский переулок;3;Новокузнецкая;
Dream Realty;real_estate_agent;https://www.cian.ru/sale/flat/312778133/;Москва;sale;flat;5;14;2;50.1;11500000;; 3-я Нововатутинская;15к2;Кедровая;Новые Ватутинки, мкр. Центральный
EMPIRE HOME;real_estate_agent;https://www.cian.ru/sale/flat/312278776/;Москва;sale;flat;5;12;2;47.6;11950000;Царицыно;Кавказский бульвар;29К1;Царицыно;
Этажи Москва;real_estate_agent;https://www.cian.ru/sale/flat/312917381/;Москва;sale;flat;4;9;2;44.2;13800000;Чертаново Северное;Сумская ;6К1;Южная;
Основа;developer;https://www.cian.ru/sale/flat/286346396/;Москва;sale;flat;3;29;1;44.1;14698530;Черемушки; Наметкина;вл10;Новые Черёмушки;Nametkin Tower
Этажи Москва;real_estate_agent;https://www.cian.ru/sale/flat/313047702/;Москва;sale;flat;16;20;2;48.0;20250000;Покровское-Стрешнево;Волоколамское шоссе;95/2к4;Трикотажная;City Bay
Whitewill;real_estate_agent;https://www.cian.ru/sale/flat/312687869/;Москва;sale;flat;9;26;1;31.0;26000000;Пресненский;к2.1;к2.1;Белорусская;Репаблик ЖК
Whitewill;real_estate_agent;https://www.cian.ru/sale/flat/312637553/;Москва;sale;flat;6;23;1;43.7;27200000;Хорошево-Мневники; Нижние Мневники;16к1;Терехово ;Остров
CENTURY 21 Premium Property;real_estate_agent;https://www.cian.ru/sale/flat/294673569/;Москва;sale;flat;3;29;2;49.4;29000000;Хорошево-Мневники;Шелепихинская набережная;40к3;Народное Ополчение;Sydney City
Главстрой;developer;https://www.cian.ru/sale/flat/296921186/;Москва;sale;flat;8;26;2;67.1;32848402;Филевский парк;Береговой проезд;2;Фили;Береговой-2
EstateLiga;real_estate_agent;https://www.cian.ru/sale/flat/309685138/;Москва;sale;flat;18;27;2;56.4;20200000;Гольяново;Амурская ;1Ак1;Локомотив;Level Амурская
CENTURY 21 Столичная недвижимость;real_estate_agent;https://www.cian.ru/sale/flat/312984146/;Москва;sale;flat;10;33;1;39.8;20500000;Филевский парк;Береговой проезд;5к1;Фили;Фили Град
do A.S.A.P.;real_estate_agent;https://www.cian.ru/sale/flat/312542610/;Москва;sale;flat;36;41;1;45.8;22900000;Хорошево-Мневники;Шелепихинская набережная;34к5;Шелепиха;Сердце Столицы
Арт Риэлти;real_estate_agent;https://www.cian.ru/sale/flat/300226527/;Москва;sale;flat;20;46;2;44.0;25100000;Хорошево-Мневники;Шелепихинская набережная;34к6;Шелепиха;Сердце Столицы
Арт Риэлти;real_estate_agent;https://www.cian.ru/sale/flat/308768570/;Москва;sale;flat;14;48;1;42.0;25000000;Хорошево-Мневники; Народного Ополчения;15К1;Народное Ополчение;Wellton Towers
Alliance Agency Real Estate;real_estate_agent;https://www.cian.ru/sale/flat/305624792/;Москва;sale;flat;9;37;2;45.0;25400000;Останкинский; Годовикова;11к2;Алексеевская;iLove
CENTURY 21 Premium Property;real_estate_agent;https://www.cian.ru/sale/flat/312709944/;Москва;sale;flat;12;23;1;45.0;25750000;Хорошево-Мневники; Нижние Мневники;16к3;Терехово ;Остров
Арт Риэлти;real_estate_agent;https://www.cian.ru/sale/flat/292552746/;Москва;sale;flat;28;47;2;53.2;25650000;Хорошево-Мневники; Генерала Глаголева;14Ак1;Бульвар Генерала Карбышева;CRYSTAL Трилогия
CENTURY 21 Premium Property;real_estate_agent;https://www.cian.ru/sale/flat/311274671/;Москва;sale;flat;2;23;1;43.2;25999000;Хорошево-Мневники; Нижние Мневники;16к1;Терехово ;Остров
SUNRISE Estate;real_estate_agent;https://www.cian.ru/sale/flat/311156138/;Москва;sale;flat;6;13;1;47.4;26800000;Хорошево-Мневники; Нижние Мневники;9;Терехово ;Остров
Арт Риэлти;real_estate_agent;https://www.cian.ru/sale/flat/309640290/;Москва;sale;flat;7;26;2;72.6;27500000;Лефортово; Крузенштерна;12к2;Авиамоторная;Символ
Арт Риэлти;real_estate_agent;https://www.cian.ru/sale/flat/307261299/;Москва;sale;flat;5;41;2;66.0;29300000;Хорошево-Мневники;Шелепихинская набережная;34к5;Шелепиха;Сердце Столицы
Арт Риэлти;real_estate_agent;https://www.cian.ru/sale/flat/311477045/;Москва;sale;flat;27;42;2;61.1;30000000;Филевский парк;Багратионовский проезд;5Ак1;Фили;Filicity
CENTURY 21 Premium Property;real_estate_agent;https://www.cian.ru/sale/flat/311113098/;Москва;sale;flat;7;10;2;50.8;30000000;Хорошево-Мневники; Нижние Мневники;9;Терехово ;Остров
CENTURY 21 Premium Property;real_estate_agent;https://www.cian.ru/sale/flat/300111482/;Москва;sale;flat;22;26;2;67.0;29990000;Покровское-Стрешнево;;к6;Спартак;Алиа ЖК
CENTURY 21 Street Realty;real_estate_agent;https://www.cian.ru/sale/flat/306311189/;Москва;sale;flat;14;26;2;46.0;30500000;Очаково-Матвеевское;Нежинская ;5к2;Матвеевская;Городские резиденции SPIRES
TWEED;real_estate_agent;https://www.cian.ru/sale/flat/282592114/;Москва;sale;flat;2;7;2;45.5;31500000;Замоскворечье;Шлюзовая набережная;2А;Павелецкая;IM на Садовом
Marry Lane Group;real_estate_agent;https://www.cian.ru/sale/flat/311384764/;Москва;sale;flat;37;44;2;45.7;33000000;Пресненский;Ходынская ;2;Улица 1905 года;Пресня Сити
NIKA ESTATE;real_estate_agent;https://www.cian.ru/sale/flat/312870649/;Москва;sale;flat;2;6;1;50.5;33950000;Арбат;1-й Смоленский переулок;22/10;Смоленская;
Арт Риэлти;real_estate_agent;https://www.cian.ru/sale/flat/309550008/;Москва;sale;flat;3;11;2;78.0;35500000;Лефортово; Крузенштерна;6;Серп и Молот;Символ
ID 861013;realtor;https://www.cian.ru/sale/flat/306717695/;Москва;sale;flat;2;21;2;50.0;39300000;Марьина роща;1-я Ямская ;6;Марьина Роща;Премиум-квартал JAZZ
Alliance Agency Real Estate;real_estate_agent;https://www.cian.ru/sale/flat/309675503/;Москва;sale;flat;7;41;2;48.0;39500000;Раменки;1-й Сетуньский проезд;8;Кутузовская;Hide
Alliance Agency Real Estate;real_estate_agent;https://www.cian.ru/sale/flat/310213893/;Москва;sale;flat;6;41;2;48.0;39500000;Раменки;1-й Сетуньский проезд;8;Кутузовская;Hide
Alliance Agency Real Estate;real_estate_agent;https://www.cian.ru/sale/flat/302295108/;Москва;sale;flat;10;46;2;58.5;41400000;Даниловский;Дубининская ;59А;Павелецкая;Павелецкая Сити
COLDY;developer;https://www.cian.ru/sale/flat/303330185/;Москва;sale;flat;4;15;1;48.2;42401540;Даниловский; Серпуховский Вал;7с5;Тульская;Дом 7 Даниловский
Арт Риэлти;real_estate_agent;https://www.cian.ru/sale/flat/312178852/;Москва;sale;flat;11;14;2;71.0;44000000;Лефортово;шоссе Энтузиастов;3к2;Москва-Товарная;Символ
Alliance Agency Real Estate;real_estate_agent;https://www.cian.ru/sale/flat/308461771/;Москва;sale;flat;16;41;2;56.0;44300000;Раменки;1-й Сетуньский проезд;8;Кутузовская;
Alliance Agency Real Estate;real_estate_agent;https://www.cian.ru/sale/flat/309515848/;Москва;sale;flat;7;30;2;66.3;47000000;Якиманка;Мытная ;40к2;Серпуховская;Sky House
OXE CAPITAL - Элитная Недвижимость;real_estate_agent;https://www.cian.ru/sale/flat/307312363/;Москва;sale;flat;2;10;2;52.2;48000000;Якиманка;Ленинский проспект;2;Октябрьская;Клубный дом CULT
OXE CAPITAL - Элитная Недвижимость;real_estate_agent;https://www.cian.ru/sale/flat/297422422/;Москва;sale;flat;3;5;2;44.27;47900000;Замоскворечье;Озерковская набережная;6;Новокузнецкая;
Вертикаль;real_estate_agent;https://www.cian.ru/sale/flat/306778376/;Москва;sale;flat;3;5;2;59.5;50000000;Замоскворечье;Садовническая ;29;Новокузнецкая;BALCHUG RESIDENCE
Арт Риэлти;real_estate_agent;https://www.cian.ru/sale/flat/311622440/;Москва;sale;flat;3;20;2;53.2;55000000;Пресненский;Мантулинская ;9к3;Москва-Сити;City Park
CENTURY 21 Premium Property;real_estate_agent;https://www.cian.ru/sale/flat/310224739/;Москва;sale;flat;5;26;2;69.6;60000000;Пресненский; Пресненский Вал;27С1;Белорусская;Republic
Point Estate Город;real_estate_agent;https://www.cian.ru/sale/flat/299008779/;Москва;sale;flat;12;28;2;121.68;60000000;Кунцево; Академика Павлова;28;Молодёжная;Академика Павлова
Kalinka Group;real_estate_agent;https://www.cian.ru/sale/flat/311035485/;Москва;sale;flat;5;9;2;74.0;69500000;Мещанский;Малая Сухаревская площадь;1С1;Сухаревская;
NF Group - ex-Knight Frank;real_estate_agent;https://www.cian.ru/sale/flat/310161876/;Москва;sale;flat;3;10;2;65.6;82000000;Раменки;Мосфильмовская ;1к5;Ломоносовский проспект;Вишневый сад
Аврора Проперти;real_estate_agent;https://www.cian.ru/sale/flat/303570935/;Москва;sale;flat;4;6;2;75.1;93000000;Хамовники;Зубовская ;7;Парк Культуры;Roza Rossa
Kalinka Group;real_estate_agent;https://www.cian.ru/sale/flat/305274218/;Москва;sale;flat;2;5;2;84.63;139639500;Басманный;Потаповский переулок;6С1;Чистые пруды;Абрикосов
CENTURY 21 Premium Property;real_estate_agent;https://www.cian.ru/sale/flat/309997977/;Москва;sale;flat;19;34;2;102.6;150000000;Дорогомилово;Поклонная ;9;Поклонная;Поклонная 9
Славянский Двор Остоженка;real_estate_agent;https://www.cian.ru/sale/flat/297412088/;Москва;sale;flat;2;6;2;140.0;230314570;Таганский;Серебряническая набережная;19;Чкаловская;АртХаус
ID 78359787;homeowner;https://www.cian.ru/sale/flat/312636300/;Москва;sale;flat;2;9;2;37.4;14390000;Нагатино-Садовники;Высокая ;20;Коломенская;
ID 99618940;unknown;https://www.cian.ru/sale/flat/313057803/;Москва;sale;flat;11;12;2;40.0;16490000;Бутырский; Яблочкова;30А;Фонвизинская;
One Moscow;real_estate_agent;https://www.cian.ru/sale/flat/310730890/;Москва;sale;flat;16;22;2;53.0;17700000;Очаково-Матвеевское;Аминьевское шоссе;6;Давыдково;West Tower (Апартаменты бизнес-класса)
Времена года;real_estate_agent;https://www.cian.ru/sale/flat/291913732/;Москва;sale;flat;1;9;2;58.0;20800000;Южнопортовый; Петра Романова;3;Дубровка;
CENTURY 21 Premium Property;real_estate_agent;https://www.cian.ru/sale/flat/287296773/;Москва;sale;flat;6;11;2;79.7;31500000;Лефортово;шоссе Энтузиастов;1к2;Москва-Товарная;Символ
Ирина Василевская;realtor;https://www.cian.ru/sale/flat/307275502/;Москва;sale;flat;2;12;1;41.0;11700000;Соколиная гора;Вольная ;4;Семёновская;
Этажи Москва;real_estate_agent;https://www.cian.ru/sale/flat/303217662/;Москва;sale;flat;10;11;2;56.2;12700000;;шоссе Остафьевское;14к4;Щербинка;Остафьево
ID 122340420;homeowner;https://www.cian.ru/sale/flat/307900123/;Москва;sale;flat;2;9;2;56.2;24490000;Гагаринский;проспект Вернадского;9/10;Университет;
CENTURY 21 Premium Property;real_estate_agent;https://www.cian.ru/sale/flat/301027232/;Москва;sale;flat;3;42;2;44.4;26000000;Филевский парк;Багратионовский проезд;5Ак1;Фили;Filicity
Alliance Agency Real Estate;real_estate_agent;https://www.cian.ru/sale/flat/313040815/;Москва;sale;flat;14;27;2;42.0;26900000;Алексеевский;Староалексеевская ;5А;Алексеевская;Лайм
Alliance Agency Real Estate;real_estate_agent;https://www.cian.ru/sale/flat/313034412/;Москва;sale;flat;8;12;2;50.0;29000000;Дорогомилово;площадь Победы;1кА;Парк Победы;
Арт Риэлти;real_estate_agent;https://www.cian.ru/sale/flat/309535849/;Москва;sale;flat;2;28;2;71.0;33550000;Филевский парк;Береговой проезд;5к2;Фили;Фили Град
CENTURY 21 Premium Property;real_estate_agent;https://www.cian.ru/sale/flat/303485047/;Москва;sale;flat;4;15;2;66.3;34000000;Даниловский;проспект Лихачева;18к6;Технопарк;Квартал на набережной NOW
NF Group - ex-Knight Frank;real_estate_agent;https://www.cian.ru/sale/flat/306977769/;Москва;sale;flat;3;12;2;148.5;220000000;Тверской;1-я Тверская-Ямская ;2;Маяковская;Vesper Tverskaya
ХОРЕКА ИНВЕСТ;real_estate_agent;https://www.cian.ru/sale/flat/308257993/;Москва;sale;flat;1;22;1;19.7;8680000;Тропарево-Никулино;Ленинский проспект;158;Юго-Западная;
RealLife;real_estate_agent;https://www.cian.ru/sale/flat/306655408/;Москва;sale;flat;6;17;1;34.3;9800000;; Александры Монаховой;92к2;Потапово;Бунинские луга
ZIP Realty;real_estate_agent;https://www.cian.ru/sale/flat/303387198/;Москва;sale;flat;18;22;1;30.0;11700000;;бульвар Андрея Тарковского;11;Рассказовка;Рассказово
ZIP Realty;real_estate_agent;https://www.cian.ru/sale/flat/310634500/;Москва;sale;flat;1;12;2;54.8;14200000;Новогиреево;Новогиреевская ;50/9;Перово;
Этажи Москва;real_estate_agent;https://www.cian.ru/sale/flat/310731376/;Москва;sale;flat;1;17;1;37.9;15000000;Тропарево-Никулино; Академика Анохина;5К3;Юго-Западная;
Этажи Москва;real_estate_agent;https://www.cian.ru/sale/flat/313079309/;Москва;sale;flat;3;25;1;44.0;14999000;Кунцево;№ 100 кв-л;1к2;Павшино;Мякинино парк
Дмитрий Воронин;realtor;https://www.cian.ru/sale/flat/311035903/;Москва;sale;flat;16;16;2;45.7;15300000;; Василия Ощепкова;3;Новомосковская;Москвичка
ID 116761500;homeowner;https://www.cian.ru/sale/flat/310518753/;Москва;sale;flat;3;25;1;29.5;16500000;Филевский парк;Береговой проезд;5Ак4;Фили;Фили Град
Этажи Москва;real_estate_agent;https://www.cian.ru/sale/flat/313080525/;Москва;sale;flat;2;5;2;57.3;16900000;Можайский;Гвардейская ;17К2;Рабочий посёлок;
do A.S.A.P.;real_estate_agent;https://www.cian.ru/sale/flat/312564912/;Москва;sale;flat;16;17;1;38.0;16900000;Раменки;Мичуринский проспект;31К2;Раменки;
Этажи Москва;real_estate_agent;https://www.cian.ru/sale/flat/312614742/;Москва;sale;flat;14;16;1;35.2;17990000;Даниловский;Автозаводская ;23С120;ЗИЛ;Парк Легенд
CENTURY 21 Premium Property;real_estate_agent;https://www.cian.ru/sale/flat/312709942/;Москва;sale;flat;3;20;2;46.9;21500000;Лефортово; Крузенштерна;2;Площадь Ильича;Символ
CENTURY 21 Level;real_estate_agent;https://www.cian.ru/sale/flat/307990787/;Москва;sale;flat;2;8;2;57.2;21500000;Ломоносовский;Ленинский проспект;90;Новаторская;
One Moscow;real_estate_agent;https://www.cian.ru/sale/flat/312754921/;Москва;sale;flat;4;17;1;34.0;25700000;Гагаринский;Ленинский проспект;38Ак1;Ленинский проспект;Lunar
CENTURY 21 Premium Property;real_estate_agent;https://www.cian.ru/sale/flat/311160062/;Москва;sale;flat;15;23;1;48.0;26000000;Хорошево-Мневники; Нижние Мневники;16к4;Мнёвники;Остров
CENTURY 21 Premium Property;real_estate_agent;https://www.cian.ru/sale/flat/311160060/;Москва;sale;flat;15;23;1;49.7;27000000;Хорошево-Мневники; Нижние Мневники;16к4;Мнёвники;Остров
Виталий Устинов;realtor;https://www.cian.ru/sale/flat/312511276/;Москва;sale;flat;9;25;2;43.0;29000000;Нагатинский затон; Корабельная;5А;Нагатинский Затон;Ривер Парк Коломенское
CENTURY 21 Premium Property;real_estate_agent;https://www.cian.ru/sale/flat/303401195/;Москва;sale;flat;19;43;2;60.7;32000000;Хорошево-Мневники;Шелепихинская набережная;40к1;Народное Ополчение;Sydney City
CENTURY 21 Premium Property;real_estate_agent;https://www.cian.ru/sale/flat/312100210/;Москва;sale;flat;8;9;2;69.1;32900000;Даниловский; Архитектора Щусева;4к2;ЗИЛ;ЗИЛАРТ
Недвижимость Без Границ;real_estate_agent;https://www.cian.ru/sale/flat/312568897/;Москва;sale;flat;11;29;2;68.5;33000000;Хорошево-Мневники;Шелепихинская набережная;34к4;Шелепиха;Сердце Столицы
CENTURY 21 Premium Property;real_estate_agent;https://www.cian.ru/sale/flat/298380792/;Москва;sale;flat;26;29;2;49.0;34500000;Хорошево-Мневники;Шелепихинская набережная;40к3;Народное Ополчение;Sydney City
CENTURY 21 Premium Property;real_estate_agent;https://www.cian.ru/sale/flat/303401196/;Москва;sale;flat;26;43;2;62.8;34700000;Хорошево-Мневники;Шелепихинская набережная;40к1;Народное Ополчение;Sydney City
Penny Lane Moscow;real_estate_agent;https://www.cian.ru/sale/flat/311479991/;Москва;sale;flat;20;42;2;71.5;35000000;Котловка;Севастопольский проспект;22А;Крымская;Eniteo
Stenoy;developer;https://www.cian.ru/sale/flat/300879222/;Москва;sale;flat;10;12;2;55.0;35419340;Преображенское;Электрозаводская ;60;Преображенская площадь;ARTEL
Stenoy;developer;https://www.cian.ru/sale/flat/300879033/;Москва;sale;flat;4;12;2;68.0;38541380;Преображенское;Электрозаводская ;60;Преображенская площадь;ARTEL
Penny Lane Moscow;real_estate_agent;https://www.cian.ru/sale/flat/312540112/;Москва;sale;flat;5;17;2;60.0;45000000;Тверской;Садовая-Триумфальная ;12/14С1;Маяковская;
ИП Руднев О. И.;real_estate_agent;https://www.cian.ru/sale/flat/312763992/;Москва;sale;flat;3;6;1;17.4;8500000;Хорошевский;Ленинградский проспект;57;Аэропорт;
Этажи Москва;real_estate_agent;https://www.cian.ru/sale/flat/313037512/;Москва;sale;flat;7;12;1;34.7;9000000;Выхино-Жулебино;Ферганская ;9К1;Юго-Восточная;
Этажи Москва;real_estate_agent;https://www.cian.ru/sale/flat/310660676/;Москва;sale;flat;8;19;2;39.0;9099999;; Летчика Ульянина;7;Пыхтино;Солнцево парк
Этажи Москва;real_estate_agent;https://www.cian.ru/sale/flat/312925724/;Москва;sale;flat;5;12;1;37.5;9300000;;проспект Куприна;32к1;Бунинская аллея;Эко Бунино
